n,fold_seed,lambda_nominal,lambda_r,lambda_eff,expectation_dm,cx,sx,x,rz,sxdg
1,1000,1.0,1.0,1.0,-0.8556676194847962,10,12,3,29,0
1,1000,1.5,1.6,1.5220462671095025,-0.8386959577504595,16,12,3,29,0
1,1000,2.0,2.0,1.8700771118491706,-0.8275886731698305,20,12,3,29,0
1,1001,1.0,1.0,1.0,-0.8556676194847962,10,12,3,29,0
1,1001,1.5,1.6,1.5220462671095025,-0.8386959577504595,16,12,3,29,0
1,1001,2.0,2.0,1.8700771118491706,-0.8275886731698305,20,12,3,29,0
1,1002,1.0,1.0,1.0,-0.8556676194847962,10,12,3,29,0
1,1002,1.5,1.6,1.5220462671095025,-0.8388664951281098,16,12,3,29,0
1,1002,2.0,2.0,1.8700771118491706,-0.8276436801977637,20,12,3,29,0
1,1003,1.0,1.0,1.0,-0.8556676194847962,10,12,3,29,0
1,1003,1.5,1.6,1.5220462671095025,-0.8386959577504595,16,12,3,29,0
1,1003,2.0,2.0,1.8700771118491706,-0.8275876124282454,20,12,3,29,0
1,1004,1.0,1.0,1.0,-0.8556676194847962,10,12,3,29,0
1,1004,1.5,1.6,1.5220462671095025,-0.8386959577504595,16,12,3,29,0
1,1004,2.0,2.0,1.8700771118491706,-0.8276436251907351,20,12,3,29,0
1,1005,1.0,1.0,1.0,-0.8556676194847962,10,12,3,29,0
1,1005,1.5,1.6,1.5220462671095025,-0.8388664951281098,16,12,3,29,0
1,1005,2.0,2.0,1.8700771118491706,-0.8275886731698305,20,12,3,29,0
1,1006,1.0,1.0,1.0,-0.8556676194847962,10,12,3,29,0
1,1006,1.5,1.6,1.5220462671095025,-0.8387531077989142,16,12,3,29,0
1,1006,2.0,2.0,1.8700771118491706,-0.8276436251907352,20,12,3,29,0
1,1007,1.0,1.0,1.0,-0.8556676194847962,10,12,3,29,0
1,1007,1.5,1.6,1.5220462671095025,-0.8387532211862434,16,12,3,29,0
1,1007,2.0,2.0,1.8700771118491706,-0.8276436801977637,20,12,3,29,0
2,1000,1.0,1.0,1.0,-0.6814605753090274,20,24,3,58,0
2,1000,1.5,1.5,1.4407651034481943,-0.659189566122949,30,24,3,58,0
2,1000,2.0,2.0,1.8815302068963884,-0.6385124382450568,40,24,3,58,0
2,1001,1.0,1.0,1.0,-0.6814605753090274,20,24,3,58,0
2,1001,1.5,1.5,1.4407651034481943,-0.6594509381846883,30,24,3,58,0
2,1001,2.0,2.0,1.8815302068963884,-0.639074238778088,40,24,3,58,0
2,1002,1.0,1.0,1.0,-0.6814605753090274,20,24,3,58,0
2,1002,1.5,1.5,1.4407651034481943,-0.6593194011558942,30,24,3,58,0
2,1002,2.0,2.0,1.8815302068963884,-0.638306174074011,40,24,3,58,0
2,1003,1.0,1.0,1.0,-0.6814605753090274,20,24,3,58,0
2,1003,1.5,1.5,1.4407651034481943,-0.6606835742091529,30,24,3,58,0
2,1003,2.0,2.0,1.8815302068963884,-0.6392750698214604,40,24,3,58,0
2,1004,1.0,1.0,1.0,-0.6814605753090274,20,24,3,58,0
2,1004,1.5,1.5,1.4407651034481943,-0.6596562145737151,30,24,3,58,0
2,1004,2.0,2.0,1.8815302068963884,-0.6388780396548515,40,24,3,58,0
2,1005,1.0,1.0,1.0,-0.6814605753090274,20,24,3,58,0
2,1005,1.5,1.5,1.4407651034481943,-0.6600229284800943,30,24,3,58,0
2,1005,2.0,2.0,1.8815302068963884,-0.638187403345586,40,24,3,58,0
2,1006,1.0,1.0,1.0,-0.6814605753090274,20,24,3,58,0
2,1006,1.5,1.5,1.4407651034481943,-0.6594318991681485,30,24,3,58,0
2,1006,2.0,2.0,1.8815302068963884,-0.6382688997337888,40,24,3,58,0
2,1007,1.0,1.0,1.0,-0.6814605753090274,20,24,3,58,0
2,1007,1.5,1.5,1.4407651034481943,-0.6601292997617325,30,24,3,58,0
2,1007,2.0,2.0,1.8815302068963884,-0.6388485417373921,40,24,3,58,0
3,1000,1.0,1.0,1.0,-0.5103644695030071,30,36,3,87,0
3,1000,1.5,1.4666666666666666,1.4131937624609237,-0.4873083236712415,44,36,3,87,0
3,1000,2.0,2.0,1.885415205273408,-0.46309071360080467,60,36,3,87,0
3,1001,1.0,1.0,1.0,-0.5103644695030071,30,36,3,87,0
3,1001,1.5,1.4666666666666666,1.4131937624609237,-0.4895111030511677,44,36,3,87,0
3,1001,2.0,2.0,1.885415205273408,-0.4653465942911983,60,36,3,87,0
3,1002,1.0,1.0,1.0,-0.5103644695030071,30,36,3,87,0
3,1002,1.5,1.4666666666666666,1.4131937624609237,-0.48893326545338534,44,36,3,87,0
3,1002,2.0,2.0,1.885415205273408,-0.4666478489964279,60,36,3,87,0
3,1003,1.0,1.0,1.0,-0.5103644695030071,30,36,3,87,0
3,1003,1.5,1.4666666666666666,1.4131937624609237,-0.488666119356791,44,36,3,87,0
3,1003,2.0,2.0,1.885415205273408,-0.46764092429069637,60,36,3,87,0
3,1004,1.0,1.0,1.0,-0.5103644695030071,30,36,3,87,0
3,1004,1.5,1.4666666666666666,1.4131937624609237,-0.4897307220967061,44,36,3,87,0
3,1004,2.0,2.0,1.885415205273408,-0.4641528831047587,60,36,3,87,0
3,1005,1.0,1.0,1.0,-0.5103644695030071,30,36,3,87,0
3,1005,1.5,1.4666666666666666,1.4131937624609237,-0.4876577050041704,44,36,3,87,0
3,1005,2.0,2.0,1.885415205273408,-0.4648544166576007,60,36,3,87,0
3,1006,1.0,1.0,1.0,-0.5103644695030071,30,36,3,87,0
3,1006,1.5,1.4666666666666666,1.4131937624609237,-0.4872871605901495,44,36,3,87,0
3,1006,2.0,2.0,1.885415205273408,-0.46239228769221336,60,36,3,87,0
3,1007,1.0,1.0,1.0,-0.5103644695030071,30,36,3,87,0
3,1007,1.5,1.4666666666666666,1.4131937624609237,-0.48811595524964563,44,36,3,87,0
3,1007,2.0,2.0,1.885415205273408,-0.46488962026190256,60,36,3,87,0
4,1000,1.0,1.0,1.0,-0.25279056479544937,40,48,3,116,0
4,1000,1.5,1.5,1.4436852870123873,-0.24076705620613534,60,48,3,116,0
4,1000,2.0,2.0,1.8873705740247744,-0.23004580659491655,80,48,3,116,0
4,1001,1.0,1.0,1.0,-0.25279056479544937,40,48,3,116,0
4,1001,1.5,1.5,1.4436852870123873,-0.23961705152995863,60,48,3,116,0
4,1001,2.0,2.0,1.8873705740247744,-0.23000454444482374,80,48,3,116,0
4,1002,1.0,1.0,1.0,-0.25279056479544937,40,48,3,116,0
4,1002,1.5,1.5,1.4436852870123873,-0.24416724798755365,60,48,3,116,0
4,1002,2.0,2.0,1.8873705740247744,-0.229313318273886,80,48,3,116,0
4,1003,1.0,1.0,1.0,-0.25279056479544937,40,48,3,116,0
4,1003,1.5,1.5,1.4436852870123873,-0.23991873929146101,60,48,3,116,0
4,1003,2.0,2.0,1.8873705740247744,-0.230597248168589,80,48,3,116,0
4,1004,1.0,1.0,1.0,-0.25279056479544937,40,48,3,116,0
4,1004,1.5,1.5,1.4436852870123873,-0.2407414972913467,60,48,3,116,0
4,1004,2.0,2.0,1.8873705740247744,-0.22808797817393592,80,48,3,116,0
4,1005,1.0,1.0,1.0,-0.25279056479544937,40,48,3,116,0
4,1005,1.5,1.5,1.4436852870123873,-0.24195463873769377,60,48,3,116,0
4,1005,2.0,2.0,1.8873705740247744,-0.22812423016438002,80,48,3,116,0
4,1006,1.0,1.0,1.0,-0.25279056479544937,40,48,3,116,0
4,1006,1.5,1.5,1.4436852870123873,-0.2390823192732443,60,48,3,116,0
4,1006,2.0,2.0,1.8873705740247744,-0.22705578316562813,80,48,3,116,0
4,1007,1.0,1.0,1.0,-0.25279056479544937,40,48,3,116,0
4,1007,1.5,1.5,1.4436852870123873,-0.24031043466275948,60,48,3,116,0
4,1007,2.0,2.0,1.8873705740247744,-0.2293204393788034,80,48,3,116,0
5,1000,1.0,1.0,1.0,-0.027466680327111092,50,60,3,145,0
5,1000,1.5,1.48,1.4265030142338901,-0.02677792373717959,74,60,3,145,0
5,1000,2.0,2.0,1.8885479463206043,-0.032695535361525634,100,60,3,145,0
5,1001,1.0,1.0,1.0,-0.027466680327111092,50,60,3,145,0
5,1001,1.5,1.48,1.4265030142338901,-0.032347049716126806,74,60,3,145,0
5,1001,2.0,2.0,1.8885479463206043,-0.036480978712097004,100,60,3,145,0
5,1002,1.0,1.0,1.0,-0.027466680327111092,50,60,3,145,0
5,1002,1.5,1.48,1.4265030142338901,-0.03533776405791318,74,60,3,145,0
5,1002,2.0,2.0,1.8885479463206043,-0.0388705967254823,100,60,3,145,0
5,1003,1.0,1.0,1.0,-0.027466680327111092,50,60,3,145,0
5,1003,1.5,1.48,1.4265030142338901,-0.030371291002633815,74,60,3,145,0
5,1003,2.0,2.0,1.8885479463206043,-0.03533153656486437,100,60,3,145,0
5,1004,1.0,1.0,1.0,-0.027466680327111092,50,60,3,145,0
5,1004,1.5,1.48,1.4265030142338901,-0.03484857043161816,74,60,3,145,0
5,1004,2.0,2.0,1.8885479463206043,-0.039081455558059974,100,60,3,145,0
5,1005,1.0,1.0,1.0,-0.027466680327111092,50,60,3,145,0
5,1005,1.5,1.48,1.4265030142338901,-0.03341713258847171,74,60,3,145,0
5,1005,2.0,2.0,1.8885479463206043,-0.037685030158739856,100,60,3,145,0
5,1006,1.0,1.0,1.0,-0.027466680327111092,50,60,3,145,0
5,1006,1.5,1.48,1.4265030142338901,-0.03257048779968722,74,60,3,145,0
5,1006,2.0,2.0,1.8885479463206043,-0.036480443462093316,100,60,3,145,0
5,1007,1.0,1.0,1.0,-0.027466680327111092,50,60,3,145,0
5,1007,1.5,1.48,1.4265030142338901,-0.03587339406690263,74,60,3,145,0
5,1007,2.0,2.0,1.8885479463206043,-0.03924901076524336,100,60,3,145,0
6,1000,1.0,1.0,1.0,0.16899555355166898,60,72,3,174,0
6,1000,1.5,1.5,1.4446672992214316,0.1474208972133129,90,72,3,174,0
6,1000,2.0,2.0,1.889334598442863,0.12340698219096785,120,72,3,174,0
6,1001,1.0,1.0,1.0,0.16899555355166898,60,72,3,174,0
6,1001,1.5,1.5,1.4446672992214316,0.14383458497299445,90,72,3,174,0
6,1001,2.0,2.0,1.889334598442863,0.12300596703393576,120,72,3,174,0
6,1002,1.0,1.0,1.0,0.16899555355166898,60,72,3,174,0
6,1002,1.5,1.5,1.4446672992214316,0.1403487407228574,90,72,3,174,0
6,1002,2.0,2.0,1.889334598442863,0.12046568366997694,120,72,3,174,0
6,1003,1.0,1.0,1.0,0.16899555355166898,60,72,3,174,0
6,1003,1.5,1.5,1.4446672992214316,0.14259493985073518,90,72,3,174,0
6,1003,2.0,2.0,1.889334598442863,0.11842506185201132,120,72,3,174,0
6,1004,1.0,1.0,1.0,0.16899555355166898,60,72,3,174,0
6,1004,1.5,1.5,1.4446672992214316,0.14260110345223986,90,72,3,174,0
6,1004,2.0,2.0,1.889334598442863,0.1191709642832952,120,72,3,174,0
6,1005,1.0,1.0,1.0,0.16899555355166898,60,72,3,174,0
6,1005,1.5,1.5,1.4446672992214316,0.14417659807654815,90,72,3,174,0
6,1005,2.0,2.0,1.889334598442863,0.12257760458552827,120,72,3,174,0
6,1006,1.0,1.0,1.0,0.16899555355166898,60,72,3,174,0
6,1006,1.5,1.5,1.4446672992214316,0.1430481785989127,90,72,3,174,0
6,1006,2.0,2.0,1.889334598442863,0.12110186950747136,120,72,3,174,0
6,1007,1.0,1.0,1.0,0.16899555355166898,60,72,3,174,0
6,1007,1.5,1.5,1.4446672992214316,0.1399824973010507,90,72,3,174,0
6,1007,2.0,2.0,1.889334598442863,0.11609596623748385,120,72,3,174,0
7,1000,1.0,1.0,1.0,0.34021545924002244,70,84,3,203,0
7,1000,1.5,1.4857142857142858,1.4322358538398627,0.2911423470465841,104,84,3,203,0
7,1000,2.0,2.0,1.8898973461408937,0.24361852691795086,140,84,3,203,0
7,1001,1.0,1.0,1.0,0.34021545924002244,70,84,3,203,0
7,1001,1.5,1.4857142857142858,1.4322358538398627,0.29253725868582625,104,84,3,203,0
7,1001,2.0,2.0,1.8898973461408937,0.24960237295508314,140,84,3,203,0
7,1002,1.0,1.0,1.0,0.34021545924002244,70,84,3,203,0
7,1002,1.5,1.4857142857142858,1.4322358538398627,0.2918594782459893,104,84,3,203,0
7,1002,2.0,2.0,1.8898973461408937,0.2466722764027632,140,84,3,203,0
7,1003,1.0,1.0,1.0,0.34021545924002244,70,84,3,203,0
7,1003,1.5,1.4857142857142858,1.4322358538398627,0.29502155397777624,104,84,3,203,0
7,1003,2.0,2.0,1.8898973461408937,0.247420458664353,140,84,3,203,0
7,1004,1.0,1.0,1.0,0.34021545924002244,70,84,3,203,0
7,1004,1.5,1.4857142857142858,1.4322358538398627,0.2868015562242092,104,84,3,203,0
7,1004,2.0,2.0,1.8898973461408937,0.23950923129174462,140,84,3,203,0
7,1005,1.0,1.0,1.0,0.34021545924002244,70,84,3,203,0
7,1005,1.5,1.4857142857142858,1.4322358538398627,0.2891962057112806,104,84,3,203,0
7,1005,2.0,2.0,1.8898973461408937,0.24474626382531933,140,84,3,203,0
7,1006,1.0,1.0,1.0,0.34021545924002244,70,84,3,203,0
7,1006,1.5,1.4857142857142858,1.4322358538398627,0.28928914151874496,104,84,3,203,0
7,1006,2.0,2.0,1.8898973461408937,0.2478701715564412,140,84,3,203,0
7,1007,1.0,1.0,1.0,0.34021545924002244,70,84,3,203,0
7,1007,1.5,1.4857142857142858,1.4322358538398627,0.29032195660141,104,84,3,203,0
7,1007,2.0,2.0,1.8898973461408937,0.24275846001570406,140,84,3,203,0
8,1000,1.0,1.0,1.0,0.43879309590329374,80,96,3,232,0
8,1000,1.5,1.5,1.4451599372535648,0.3661658124827188,120,96,3,232,0
8,1000,2.0,2.0,1.8903198745071295,0.30860457581876755,160,96,3,232,0
8,1001,1.0,1.0,1.0,0.43879309590329374,80,96,3,232,0
8,1001,1.5,1.5,1.4451599372535648,0.36531510230120173,120,96,3,232,0
8,1001,2.0,2.0,1.8903198745071295,0.3077157575622929,160,96,3,232,0
8,1002,1.0,1.0,1.0,0.43879309590329374,80,96,3,232,0
8,1002,1.5,1.5,1.4451599372535648,0.3666897412767838,120,96,3,232,0
8,1002,2.0,2.0,1.8903198745071295,0.30664015505052256,160,96,3,232,0
8,1003,1.0,1.0,1.0,0.43879309590329374,80,96,3,232,0
8,1003,1.5,1.5,1.4451599372535648,0.36538793806228986,120,96,3,232,0
8,1003,2.0,2.0,1.8903198745071295,0.3056790300918497,160,96,3,232,0
8,1004,1.0,1.0,1.0,0.43879309590329374,80,96,3,232,0
8,1004,1.5,1.5,1.4451599372535648,0.36459491700232266,120,96,3,232,0
8,1004,2.0,2.0,1.8903198745071295,0.3008304706993605,160,96,3,232,0
8,1005,1.0,1.0,1.0,0.43879309590329374,80,96,3,232,0
8,1005,1.5,1.5,1.4451599372535648,0.3644012649803676,120,96,3,232,0
8,1005,2.0,2.0,1.8903198745071295,0.3022506304768099,160,96,3,232,0
8,1006,1.0,1.0,1.0,0.43879309590329374,80,96,3,232,0
8,1006,1.5,1.5,1.4451599372535648,0.3655215092098385,120,96,3,232,0
8,1006,2.0,2.0,1.8903198745071295,0.3051059890550933,160,96,3,232,0
8,1007,1.0,1.0,1.0,0.43879309590329374,80,96,3,232,0
8,1007,1.5,1.5,1.4451599372535648,0.36370137009984493,120,96,3,232,0
8,1007,2.0,2.0,1.8903198745071295,0.30330124931431957,160,96,3,232,0
9,1000,1.0,1.0,1.0,0.49414517846655537,90,108,3,261,0
9,1000,1.5,1.488888888888889,1.4354282949780184,0.40365631119052553,134,108,3,261,0
9,1000,2.0,2.0,1.8906487851823106,0.3302300181250836,180,108,3,261,0
9,1001,1.0,1.0,1.0,0.49414517846655537,90,108,3,261,0
9,1001,1.5,1.488888888888889,1.4354282949780184,0.40556130249255967,134,108,3,261,0
9,1001,2.0,2.0,1.8906487851823106,0.33249719802766625,180,108,3,261,0
9,1002,1.0,1.0,1.0,0.49414517846655537,90,108,3,261,0
9,1002,1.5,1.488888888888889,1.4354282949780184,0.4030484307958077,134,108,3,261,0
9,1002,2.0,2.0,1.8906487851823106,0.3286080010602447,180,108,3,261,0
9,1003,1.0,1.0,1.0,0.49414517846655537,90,108,3,261,0
9,1003,1.5,1.488888888888889,1.4354282949780184,0.4027340368345756,134,108,3,261,0
9,1003,2.0,2.0,1.8906487851823106,0.32987972525636594,180,108,3,261,0
9,1004,1.0,1.0,1.0,0.49414517846655537,90,108,3,261,0
9,1004,1.5,1.488888888888889,1.4354282949780184,0.4025528210700038,134,108,3,261,0
9,1004,2.0,2.0,1.8906487851823106,0.32558825098866095,180,108,3,261,0
9,1005,1.0,1.0,1.0,0.49414517846655537,90,108,3,261,0
9,1005,1.5,1.488888888888889,1.4354282949780184,0.40299223983365645,134,108,3,261,0
9,1005,2.0,2.0,1.8906487851823106,0.3291895544732305,180,108,3,261,0
9,1006,1.0,1.0,1.0,0.49414517846655537,90,108,3,261,0
9,1006,1.5,1.488888888888889,1.4354282949780184,0.4081132720790288,134,108,3,261,0
9,1006,2.0,2.0,1.8906487851823106,0.33524015794965945,180,108,3,261,0
9,1007,1.0,1.0,1.0,0.49414517846655537,90,108,3,261,0
9,1007,1.5,1.488888888888889,1.4354282949780184,0.4063457422993286,134,108,3,261,0
9,1007,2.0,2.0,1.8906487851823106,0.3326189579323017,180,108,3,261,0
10,1000,1.0,1.0,1.0,0.48980462659086726,100,120,3,290,0
10,1000,1.5,1.5,1.4454560443738584,0.39300203505825887,150,120,3,290,0
10,1000,2.0,2.0,1.8909120887477169,0.3157751684816287,200,120,3,290,0
10,1001,1.0,1.0,1.0,0.48980462659086726,100,120,3,290,0
10,1001,1.5,1.5,1.4454560443738584,0.39029746718839303,150,120,3,290,0
10,1001,2.0,2.0,1.8909120887477169,0.31082154496503384,200,120,3,290,0
10,1002,1.0,1.0,1.0,0.48980462659086726,100,120,3,290,0
10,1002,1.5,1.5,1.4454560443738584,0.3892867377991543,150,120,3,290,0
10,1002,2.0,2.0,1.8909120887477169,0.3166103823883752,200,120,3,290,0
10,1003,1.0,1.0,1.0,0.48980462659086726,100,120,3,290,0
10,1003,1.5,1.5,1.4454560443738584,0.389684182089348,150,120,3,290,0
10,1003,2.0,2.0,1.8909120887477169,0.31022579658005367,200,120,3,290,0
10,1004,1.0,1.0,1.0,0.48980462659086726,100,120,3,290,0
10,1004,1.5,1.5,1.4454560443738584,0.3895018774380481,150,120,3,290,0
10,1004,2.0,2.0,1.8909120887477169,0.30722319558213623,200,120,3,290,0
10,1005,1.0,1.0,1.0,0.48980462659086726,100,120,3,290,0
10,1005,1.5,1.5,1.4454560443738584,0.3902565495421913,150,120,3,290,0
10,1005,2.0,2.0,1.8909120887477169,0.31130922075064094,200,120,3,290,0
10,1006,1.0,1.0,1.0,0.48980462659086726,100,120,3,290,0
10,1006,1.5,1.5,1.4454560443738584,0.3916490486630468,150,120,3,290,0
10,1006,2.0,2.0,1.8909120887477169,0.31497588198326065,200,120,3,290,0
10,1007,1.0,1.0,1.0,0.48980462659086726,100,120,3,290,0
10,1007,1.5,1.5,1.4454560443738584,0.3973484751545058,150,120,3,290,0
10,1007,2.0,2.0,1.8909120887477169,0.31855066563058326,200,120,3,290,0
11,1000,1.0,1.0,1.0,0.42763037945773297,110,132,3,319,0
11,1000,1.5,1.490909090909091,1.437462657064866,0.33633686226811166,164,132,3,319,0
11,1000,2.0,2.0,1.8911276347617643,0.26056764676059707,220,132,3,319,0
11,1001,1.0,1.0,1.0,0.42763037945773297,110,132,3,319,0
11,1001,1.5,1.490909090909091,1.437462657064866,0.3328726424579584,164,132,3,319,0
11,1001,2.0,2.0,1.8911276347617643,0.25683588024712095,220,132,3,319,0
11,1002,1.0,1.0,1.0,0.42763037945773297,110,132,3,319,0
11,1002,1.5,1.490909090909091,1.437462657064866,0.3410707840403752,164,132,3,319,0
11,1002,2.0,2.0,1.8911276347617643,0.26153841420828555,220,132,3,319,0
11,1003,1.0,1.0,1.0,0.42763037945773297,110,132,3,319,0
11,1003,1.5,1.490909090909091,1.437462657064866,0.3305222929537859,164,132,3,319,0
11,1003,2.0,2.0,1.8911276347617643,0.2546760863662847,220,132,3,319,0
11,1004,1.0,1.0,1.0,0.42763037945773297,110,132,3,319,0
11,1004,1.5,1.490909090909091,1.437462657064866,0.3283982840484161,164,132,3,319,0
11,1004,2.0,2.0,1.8911276347617643,0.2575196909706835,220,132,3,319,0
11,1005,1.0,1.0,1.0,0.42763037945773297,110,132,3,319,0
11,1005,1.5,1.490909090909091,1.437462657064866,0.3357311363206426,164,132,3,319,0
11,1005,2.0,2.0,1.8911276347617643,0.26152930729566803,220,132,3,319,0
11,1006,1.0,1.0,1.0,0.42763037945773297,110,132,3,319,0
11,1006,1.5,1.490909090909091,1.437462657064866,0.33340562857372474,164,132,3,319,0
11,1006,2.0,2.0,1.8911276347617643,0.2594215233174359,220,132,3,319,0
11,1007,1.0,1.0,1.0,0.42763037945773297,110,132,3,319,0
11,1007,1.5,1.490909090909091,1.437462657064866,0.33953380627909074,164,132,3,319,0
11,1007,2.0,2.0,1.8911276347617643,0.2590070422730285,220,132,3,319,0
12,1000,1.0,1.0,1.0,0.3331727785244386,120,144,3,348,0
12,1000,1.5,1.5,1.445653668064066,0.257423657182261,180,144,3,348,0
12,1000,2.0,2.0,1.8913073361281318,0.19232956932322326,240,144,3,348,0
12,1001,1.0,1.0,1.0,0.3331727785244386,120,144,3,348,0
12,1001,1.5,1.5,1.445653668064066,0.25586314128960574,180,144,3,348,0
12,1001,2.0,2.0,1.8913073361281318,0.19346493612900456,240,144,3,348,0
12,1002,1.0,1.0,1.0,0.3331727785244386,120,144,3,348,0
12,1002,1.5,1.5,1.445653668064066,0.2570839866004718,180,144,3,348,0
12,1002,2.0,2.0,1.8913073361281318,0.19094705658299638,240,144,3,348,0
12,1003,1.0,1.0,1.0,0.3331727785244386,120,144,3,348,0
12,1003,1.5,1.5,1.445653668064066,0.25144167880007995,180,144,3,348,0
12,1003,2.0,2.0,1.8913073361281318,0.19135950122788944,240,144,3,348,0
12,1004,1.0,1.0,1.0,0.3331727785244386,120,144,3,348,0
12,1004,1.5,1.5,1.445653668064066,0.25869914218403856,180,144,3,348,0
12,1004,2.0,2.0,1.8913073361281318,0.19558960215041316,240,144,3,348,0
12,1005,1.0,1.0,1.0,0.3331727785244386,120,144,3,348,0
12,1005,1.5,1.5,1.445653668064066,0.2566904478631485,180,144,3,348,0
12,1005,2.0,2.0,1.8913073361281318,0.19565517268130567,240,144,3,348,0
12,1006,1.0,1.0,1.0,0.3331727785244386,120,144,3,348,0
12,1006,1.5,1.5,1.445653668064066,0.25345407388994046,180,144,3,348,0
12,1006,2.0,2.0,1.8913073361281318,0.1916702345212142,240,144,3,348,0
12,1007,1.0,1.0,1.0,0.3331727785244386,120,144,3,348,0
12,1007,1.5,1.5,1.445653668064066,0.2578219612761359,180,144,3,348,0
12,1007,2.0,2.0,1.8913073361281318,0.1961391067674506,240,144,3,348,0
13,1000,1.0,1.0,1.0,0.21506307226109894,130,156,3,377,0
13,1000,1.5,1.4923076923076923,1.4388723435069037,0.16612816069498176,194,156,3,377,0
13,1000,2.0,2.0,1.8914594477483981,0.11816332280337832,260,156,3,377,0
13,1001,1.0,1.0,1.0,0.21506307226109894,130,156,3,377,0
13,1001,1.5,1.4923076923076923,1.4388723435069037,0.15813285826878762,194,156,3,377,0
13,1001,2.0,2.0,1.8914594477483981,0.11686585584736785,260,156,3,377,0
13,1002,1.0,1.0,1.0,0.21506307226109894,130,156,3,377,0
13,1002,1.5,1.4923076923076923,1.4388723435069037,0.16145255480029708,194,156,3,377,0
13,1002,2.0,2.0,1.8914594477483981,0.12295076337211336,260,156,3,377,0
13,1003,1.0,1.0,1.0,0.21506307226109894,130,156,3,377,0
13,1003,1.5,1.4923076923076923,1.4388723435069037,0.1556375644298082,194,156,3,377,0
13,1003,2.0,2.0,1.8914594477483981,0.11594318774900353,260,156,3,377,0
13,1004,1.0,1.0,1.0,0.21506307226109894,130,156,3,377,0
13,1004,1.5,1.4923076923076923,1.4388723435069037,0.16141539968950586,194,156,3,377,0
13,1004,2.0,2.0,1.8914594477483981,0.11844124539398598,260,156,3,377,0
13,1005,1.0,1.0,1.0,0.21506307226109894,130,156,3,377,0
13,1005,1.5,1.4923076923076923,1.4388723435069037,0.16596924600957727,194,156,3,377,0
13,1005,2.0,2.0,1.8914594477483981,0.125071334528927,260,156,3,377,0
13,1006,1.0,1.0,1.0,0.21506307226109894,130,156,3,377,0
13,1006,1.5,1.4923076923076923,1.4388723435069037,0.16373187873111214,194,156,3,377,0
13,1006,2.0,2.0,1.8914594477483981,0.12252076321130725,260,156,3,377,0
13,1007,1.0,1.0,1.0,0.21506307226109894,130,156,3,377,0
13,1007,1.5,1.4923076923076923,1.4388723435069037,0.16007203331728243,194,156,3,377,0
13,1007,2.0,2.0,1.8914594477483981,0.1190416701675017,260,156,3,377,0
14,1000,1.0,1.0,1.0,0.09238677848773691,140,168,3,406,0
14,1000,1.5,1.5,1.445794935233311,0.06877526281070012,210,168,3,406,0
14,1000,2.0,2.0,1.891589870466622,0.04757437558428685,280,168,3,406,0
14,1001,1.0,1.0,1.0,0.09238677848773691,140,168,3,406,0
14,1001,1.5,1.5,1.445794935233311,0.0692365531745293,210,168,3,406,0
14,1001,2.0,2.0,1.891589870466622,0.04842424903735317,280,168,3,406,0
14,1002,1.0,1.0,1.0,0.09238677848773691,140,168,3,406,0
14,1002,1.5,1.5,1.445794935233311,0.0703485772848539,210,168,3,406,0
14,1002,2.0,2.0,1.891589870466622,0.049275356286340916,280,168,3,406,0
14,1003,1.0,1.0,1.0,0.09238677848773691,140,168,3,406,0
14,1003,1.5,1.5,1.445794935233311,0.06305375022318553,210,168,3,406,0
14,1003,2.0,2.0,1.891589870466622,0.045750402986281025,280,168,3,406,0
14,1004,1.0,1.0,1.0,0.09238677848773691,140,168,3,406,0
14,1004,1.5,1.5,1.445794935233311,0.06808525334163401,210,168,3,406,0
14,1004,2.0,2.0,1.891589870466622,0.04784749316740715,280,168,3,406,0
14,1005,1.0,1.0,1.0,0.09238677848773691,140,168,3,406,0
14,1005,1.5,1.5,1.445794935233311,0.06784208373388287,210,168,3,406,0
14,1005,2.0,2.0,1.891589870466622,0.0511403062153045,280,168,3,406,0
14,1006,1.0,1.0,1.0,0.09238677848773691,140,168,3,406,0
14,1006,1.5,1.5,1.445794935233311,0.06439147799569062,210,168,3,406,0
14,1006,2.0,2.0,1.891589870466622,0.05092965631560835,280,168,3,406,0
14,1007,1.0,1.0,1.0,0.09238677848773691,140,168,3,406,0
14,1007,1.5,1.5,1.445794935233311,0.07126777997344264,210,168,3,406,0
14,1007,2.0,2.0,1.891589870466622,0.05180489082766233,280,168,3,406,0
15,1000,1.0,1.0,1.0,-0.025376945783357294,150,180,3,435,0
15,1000,1.5,1.4933333333333334,1.4399067809519615,-0.013529558646496716,224,180,3,435,0
15,1000,2.0,2.0,1.8917029343620837,-0.011292354115074683,300,180,3,435,0
15,1001,1.0,1.0,1.0,-0.025376945783357294,150,180,3,435,0
15,1001,1.5,1.4933333333333334,1.4399067809519615,-0.016435218821057557,224,180,3,435,0
15,1001,2.0,2.0,1.8917029343620837,-0.010931814933576945,300,180,3,435,0
15,1002,1.0,1.0,1.0,-0.025376945783357294,150,180,3,435,0
15,1002,1.5,1.4933333333333334,1.4399067809519615,-0.015272426536595688,224,180,3,435,0
15,1002,2.0,2.0,1.8917029343620837,-0.010004322355545112,300,180,3,435,0
15,1003,1.0,1.0,1.0,-0.025376945783357294,150,180,3,435,0
15,1003,1.5,1.4933333333333334,1.4399067809519615,-0.014430828902397887,224,180,3,435,0
15,1003,2.0,2.0,1.8917029343620837,-0.013763684101068244,300,180,3,435,0
15,1004,1.0,1.0,1.0,-0.025376945783357294,150,180,3,435,0
15,1004,1.5,1.4933333333333334,1.4399067809519615,-0.017725427621675408,224,180,3,435,0
15,1004,2.0,2.0,1.8917029343620837,-0.011744459580952075,300,180,3,435,0
15,1005,1.0,1.0,1.0,-0.025376945783357294,150,180,3,435,0
15,1005,1.5,1.4933333333333334,1.4399067809519615,-0.010940799010702584,224,180,3,435,0
15,1005,2.0,2.0,1.8917029343620837,-0.00890246434111288,300,180,3,435,0
15,1006,1.0,1.0,1.0,-0.025376945783357294,150,180,3,435,0
15,1006,1.5,1.4933333333333334,1.4399067809519615,-0.018343470316747768,224,180,3,435,0
15,1006,2.0,2.0,1.8917029343620837,-0.01087274401472136,300,180,3,435,0
15,1007,1.0,1.0,1.0,-0.025376945783357294,150,180,3,435,0
15,1007,1.5,1.4933333333333334,1.4399067809519615,-0.015237014605489051,224,180,3,435,0
15,1007,2.0,2.0,1.8917029343620837,-0.009493966146219552,300,180,3,435,0
16,1000,1.0,1.0,1.0,-0.12243071659749502,160,192,3,464,0
16,1000,1.5,1.5,1.4459009443980948,-0.08254015566421313,240,192,3,464,0
16,1000,2.0,2.0,1.8918018887961894,-0.05714391494835383,320,192,3,464,0
16,1001,1.0,1.0,1.0,-0.12243071659749502,160,192,3,464,0
16,1001,1.5,1.5,1.4459009443980948,-0.08165205117885337,240,192,3,464,0
16,1001,2.0,2.0,1.8918018887961894,-0.0590237488444781,320,192,3,464,0
16,1002,1.0,1.0,1.0,-0.12243071659749502,160,192,3,464,0
16,1002,1.5,1.5,1.4459009443980948,-0.08436784266842828,240,192,3,464,0
16,1002,2.0,2.0,1.8918018887961894,-0.059949352521473646,320,192,3,464,0
16,1003,1.0,1.0,1.0,-0.12243071659749502,160,192,3,464,0
16,1003,1.5,1.5,1.4459009443980948,-0.08560816298002952,240,192,3,464,0
16,1003,2.0,2.0,1.8918018887961894,-0.06142156490423056,320,192,3,464,0
16,1004,1.0,1.0,1.0,-0.12243071659749502,160,192,3,464,0
16,1004,1.5,1.5,1.4459009443980948,-0.0838027106026062,240,192,3,464,0
16,1004,2.0,2.0,1.8918018887961894,-0.058722118261345706,320,192,3,464,0
16,1005,1.0,1.0,1.0,-0.12243071659749502,160,192,3,464,0
16,1005,1.5,1.5,1.4459009443980948,-0.08227575892021266,240,192,3,464,0
16,1005,2.0,2.0,1.8918018887961894,-0.0566772140412719,320,192,3,464,0
16,1006,1.0,1.0,1.0,-0.12243071659749502,160,192,3,464,0
16,1006,1.5,1.5,1.4459009443980948,-0.08449784021633762,240,192,3,464,0
16,1006,2.0,2.0,1.8918018887961894,-0.059229695767576564,320,192,3,464,0
16,1007,1.0,1.0,1.0,-0.12243071659749502,160,192,3,464,0
16,1007,1.5,1.5,1.4459009443980948,-0.08539760734891864,240,192,3,464,0
16,1007,2.0,2.0,1.8918018887961894,-0.057649271707383036,320,192,3,464,0
17,1000,1.0,1.0,1.0,-0.1972210151872385,170,204,3,493,0
17,1000,1.5,1.4941176470588236,1.4406982027111888,-0.1302175154369079,254,204,3,493,0
17,1000,2.0,2.0,1.8918892197726438,-0.0866691031679241,340,204,3,493,0
17,1001,1.0,1.0,1.0,-0.1972210151872385,170,204,3,493,0
17,1001,1.5,1.4941176470588236,1.4406982027111888,-0.13383330269801993,254,204,3,493,0
17,1001,2.0,2.0,1.8918892197726438,-0.08904970649384998,340,204,3,493,0
17,1002,1.0,1.0,1.0,-0.1972210151872385,170,204,3,493,0
17,1002,1.5,1.4941176470588236,1.4406982027111888,-0.13157189352673973,254,204,3,493,0
17,1002,2.0,2.0,1.8918892197726438,-0.08814731466846783,340,204,3,493,0
17,1003,1.0,1.0,1.0,-0.1972210151872385,170,204,3,493,0
17,1003,1.5,1.4941176470588236,1.4406982027111888,-0.13329555419722644,254,204,3,493,0
17,1003,2.0,2.0,1.8918892197726438,-0.08874986788112553,340,204,3,493,0
17,1004,1.0,1.0,1.0,-0.1972210151872385,170,204,3,493,0
17,1004,1.5,1.4941176470588236,1.4406982027111888,-0.12966242978555106,254,204,3,493,0
17,1004,2.0,2.0,1.8918892197726438,-0.08719529200184725,340,204,3,493,0
17,1005,1.0,1.0,1.0,-0.1972210151872385,170,204,3,493,0
17,1005,1.5,1.4941176470588236,1.4406982027111888,-0.1298435990009323,254,204,3,493,0
17,1005,2.0,2.0,1.8918892197726438,-0.08686764433237618,340,204,3,493,0
17,1006,1.0,1.0,1.0,-0.1972210151872385,170,204,3,493,0
17,1006,1.5,1.4941176470588236,1.4406982027111888,-0.1324384621321999,254,204,3,493,0
17,1006,2.0,2.0,1.8918892197726438,-0.08957386592156187,340,204,3,493,0
17,1007,1.0,1.0,1.0,-0.1972210151872385,170,204,3,493,0
17,1007,1.5,1.4941176470588236,1.4406982027111888,-0.13079188598846936,254,204,3,493,0
17,1007,2.0,2.0,1.8918892197726438,-0.08840757109193856,340,204,3,493,0
18,1000,1.0,1.0,1.0,-0.24942645225994228,180,216,3,522,0
18,1000,1.5,1.5,1.4459834308337258,-0.1622010790664779,270,216,3,522,0
18,1000,2.0,2.0,1.8919668616674519,-0.10517507272535837,360,216,3,522,0
18,1001,1.0,1.0,1.0,-0.24942645225994228,180,216,3,522,0
18,1001,1.5,1.5,1.4459834308337258,-0.1635909344183389,270,216,3,522,0
18,1001,2.0,2.0,1.8919668616674519,-0.10450263285521043,360,216,3,522,0
18,1002,1.0,1.0,1.0,-0.24942645225994228,180,216,3,522,0
18,1002,1.5,1.5,1.4459834308337258,-0.16152190025024768,270,216,3,522,0
18,1002,2.0,2.0,1.8919668616674519,-0.10726212971730814,360,216,3,522,0
18,1003,1.0,1.0,1.0,-0.24942645225994228,180,216,3,522,0
18,1003,1.5,1.5,1.4459834308337258,-0.16385863524648234,270,216,3,522,0
18,1003,2.0,2.0,1.8919668616674519,-0.10567101709141455,360,216,3,522,0
18,1004,1.0,1.0,1.0,-0.24942645225994228,180,216,3,522,0
18,1004,1.5,1.5,1.4459834308337258,-0.15731185282694124,270,216,3,522,0
18,1004,2.0,2.0,1.8919668616674519,-0.10286892131387815,360,216,3,522,0
18,1005,1.0,1.0,1.0,-0.24942645225994228,180,216,3,522,0
18,1005,1.5,1.5,1.4459834308337258,-0.16099435599556725,270,216,3,522,0
18,1005,2.0,2.0,1.8919668616674519,-0.10459315079716584,360,216,3,522,0
18,1006,1.0,1.0,1.0,-0.24942645225994228,180,216,3,522,0
18,1006,1.5,1.5,1.4459834308337258,-0.16024621797826843,270,216,3,522,0
18,1006,2.0,2.0,1.8919668616674519,-0.10560366594226743,360,216,3,522,0
18,1007,1.0,1.0,1.0,-0.24942645225994228,180,216,3,522,0
18,1007,1.5,1.5,1.4459834308337258,-0.16124337041272865,270,216,3,522,0
18,1007,2.0,2.0,1.8919668616674519,-0.10520077128917663,360,216,3,522,0
19,1000,1.0,1.0,1.0,-0.2616216206519063,190,228,3,551,0
19,1000,1.5,1.4947368421052631,1.4413232429784886,-0.16651367984288484,284,228,3,551,0
19,1000,2.0,2.0,1.8920363421905622,-0.10449320775415953,380,228,3,551,0
19,1001,1.0,1.0,1.0,-0.2616216206519063,190,228,3,551,0
19,1001,1.5,1.4947368421052631,1.4413232429784886,-0.16799147682544296,284,228,3,551,0
19,1001,2.0,2.0,1.8920363421905622,-0.1049615641822362,380,228,3,551,0
19,1002,1.0,1.0,1.0,-0.2616216206519063,190,228,3,551,0
19,1002,1.5,1.4947368421052631,1.4413232429784886,-0.1686650960167207,284,228,3,551,0
19,1002,2.0,2.0,1.8920363421905622,-0.10689387693275687,380,228,3,551,0
19,1003,1.0,1.0,1.0,-0.2616216206519063,190,228,3,551,0
19,1003,1.5,1.4947368421052631,1.4413232429784886,-0.16759219370611075,284,228,3,551,0
19,1003,2.0,2.0,1.8920363421905622,-0.10626879597704697,380,228,3,551,0
19,1004,1.0,1.0,1.0,-0.2616216206519063,190,228,3,551,0
19,1004,1.5,1.4947368421052631,1.4413232429784886,-0.16482873219560198,284,228,3,551,0
19,1004,2.0,2.0,1.8920363421905622,-0.10367009992526903,380,228,3,551,0
19,1005,1.0,1.0,1.0,-0.2616216206519063,190,228,3,551,0
19,1005,1.5,1.4947368421052631,1.4413232429784886,-0.1672882640830058,284,228,3,551,0
19,1005,2.0,2.0,1.8920363421905622,-0.10686123778110415,380,228,3,551,0
19,1006,1.0,1.0,1.0,-0.2616216206519063,190,228,3,551,0
19,1006,1.5,1.4947368421052631,1.4413232429784886,-0.16687241257372157,284,228,3,551,0
19,1006,2.0,2.0,1.8920363421905622,-0.1063723862519554,380,228,3,551,0
19,1007,1.0,1.0,1.0,-0.2616216206519063,190,228,3,551,0
19,1007,1.5,1.4947368421052631,1.4413232429784886,-0.16407909337638557,284,228,3,551,0
19,1007,2.0,2.0,1.8920363421905622,-0.10310344780607662,380,228,3,551,0
20,1000,1.0,1.0,1.0,-0.24841105536624758,200,240,3,580,0
20,1000,1.5,1.5,1.4460494419584742,-0.1506615022464668,300,240,3,580,0
20,1000,2.0,2.0,1.8920988839169488,-0.09267348743516897,400,240,3,580,0
20,1001,1.0,1.0,1.0,-0.24841105536624758,200,240,3,580,0
20,1001,1.5,1.5,1.4460494419584742,-0.15106624451204473,300,240,3,580,0
20,1001,2.0,2.0,1.8920988839169488,-0.09418065853184161,400,240,3,580,0
20,1002,1.0,1.0,1.0,-0.24841105536624758,200,240,3,580,0
20,1002,1.5,1.5,1.4460494419584742,-0.15292839756751114,300,240,3,580,0
20,1002,2.0,2.0,1.8920988839169488,-0.09461629143434178,400,240,3,580,0
20,1003,1.0,1.0,1.0,-0.24841105536624758,200,240,3,580,0
20,1003,1.5,1.5,1.4460494419584742,-0.1513913043748062,300,240,3,580,0
20,1003,2.0,2.0,1.8920988839169488,-0.09392173764921904,400,240,3,580,0
20,1004,1.0,1.0,1.0,-0.24841105536624758,200,240,3,580,0
20,1004,1.5,1.5,1.4460494419584742,-0.15253595022746774,300,240,3,580,0
20,1004,2.0,2.0,1.8920988839169488,-0.09244989279592139,400,240,3,580,0
20,1005,1.0,1.0,1.0,-0.24841105536624758,200,240,3,580,0
20,1005,1.5,1.5,1.4460494419584742,-0.15306184333045225,300,240,3,580,0
20,1005,2.0,2.0,1.8920988839169488,-0.09480714908796484,400,240,3,580,0
20,1006,1.0,1.0,1.0,-0.24841105536624758,200,240,3,580,0
20,1006,1.5,1.5,1.4460494419584742,-0.15007096516773952,300,240,3,580,0
20,1006,2.0,2.0,1.8920988839169488,-0.09493371639594855,400,240,3,580,0
20,1007,1.0,1.0,1.0,-0.24841105536624758,200,240,3,580,0
20,1007,1.5,1.5,1.4460494419584742,-0.154227691307728,300,240,3,580,0
20,1007,2.0,2.0,1.8920988839169488,-0.09291624694013026,400,240,3,580,0
21,1000,1.0,1.0,1.0,-0.2189142607684626,210,252,3,609,0
21,1000,1.5,1.4952380952380953,1.4418293790092598,-0.13159826136143624,314,252,3,609,0
21,1000,2.0,2.0,1.8921554768456208,-0.07752227623150064,420,252,3,609,0
21,1001,1.0,1.0,1.0,-0.2189142607684626,210,252,3,609,0
21,1001,1.5,1.4952380952380953,1.4418293790092598,-0.1311091939952772,314,252,3,609,0
21,1001,2.0,2.0,1.8921554768456208,-0.07852655533865815,420,252,3,609,0
21,1002,1.0,1.0,1.0,-0.2189142607684626,210,252,3,609,0
21,1002,1.5,1.4952380952380953,1.4418293790092598,-0.13200905965455567,314,252,3,609,0
21,1002,2.0,2.0,1.8921554768456208,-0.07897208597180236,420,252,3,609,0
21,1003,1.0,1.0,1.0,-0.2189142607684626,210,252,3,609,0
21,1003,1.5,1.4952380952380953,1.4418293790092598,-0.12877508568909324,314,252,3,609,0
21,1003,2.0,2.0,1.8921554768456208,-0.07640588043669415,420,252,3,609,0
21,1004,1.0,1.0,1.0,-0.2189142607684626,210,252,3,609,0
21,1004,1.5,1.4952380952380953,1.4418293790092598,-0.1291359410916949,314,252,3,609,0
21,1004,2.0,2.0,1.8921554768456208,-0.07421493849731942,420,252,3,609,0
21,1005,1.0,1.0,1.0,-0.2189142607684626,210,252,3,609,0
21,1005,1.5,1.4952380952380953,1.4418293790092598,-0.13586374853399535,314,252,3,609,0
21,1005,2.0,2.0,1.8921554768456208,-0.07968082399428003,420,252,3,609,0
21,1006,1.0,1.0,1.0,-0.2189142607684626,210,252,3,609,0
21,1006,1.5,1.4952380952380953,1.4418293790092598,-0.1308339969509922,314,252,3,609,0
21,1006,2.0,2.0,1.8921554768456208,-0.07800966927221721,420,252,3,609,0
21,1007,1.0,1.0,1.0,-0.2189142607684626,210,252,3,609,0
21,1007,1.5,1.4952380952380953,1.4418293790092598,-0.12864423356070495,314,252,3,609,0
21,1007,2.0,2.0,1.8921554768456208,-0.07661688264296827,420,252,3,609,0
22,1000,1.0,1.0,1.0,-0.16512822697702598,220,264,3,638,0
22,1000,1.5,1.5,1.4461034655968878,-0.09491763093112654,330,264,3,638,0
22,1000,2.0,2.0,1.8922069311937755,-0.05509281272917012,440,264,3,638,0
22,1001,1.0,1.0,1.0,-0.16512822697702598,220,264,3,638,0
22,1001,1.5,1.5,1.4461034655968878,-0.09678649182752189,330,264,3,638,0
22,1001,2.0,2.0,1.8922069311937755,-0.055941849636649374,440,264,3,638,0
22,1002,1.0,1.0,1.0,-0.16512822697702598,220,264,3,638,0
22,1002,1.5,1.5,1.4461034655968878,-0.09669273189821397,330,264,3,638,0
22,1002,2.0,2.0,1.8922069311937755,-0.0554681231342021,440,264,3,638,0
22,1003,1.0,1.0,1.0,-0.16512822697702598,220,264,3,638,0
22,1003,1.5,1.5,1.4461034655968878,-0.09465120417381084,330,264,3,638,0
22,1003,2.0,2.0,1.8922069311937755,-0.05463742637618264,440,264,3,638,0
22,1004,1.0,1.0,1.0,-0.16512822697702598,220,264,3,638,0
22,1004,1.5,1.5,1.4461034655968878,-0.09407566983570226,330,264,3,638,0
22,1004,2.0,2.0,1.8922069311937755,-0.052743874753211545,440,264,3,638,0
22,1005,1.0,1.0,1.0,-0.16512822697702598,220,264,3,638,0
22,1005,1.5,1.5,1.4461034655968878,-0.10049047005514192,330,264,3,638,0
22,1005,2.0,2.0,1.8922069311937755,-0.05886438601464929,440,264,3,638,0
22,1006,1.0,1.0,1.0,-0.16512822697702598,220,264,3,638,0
22,1006,1.5,1.5,1.4461034655968878,-0.09523719047132223,330,264,3,638,0
22,1006,2.0,2.0,1.8922069311937755,-0.054937833566253126,440,264,3,638,0
22,1007,1.0,1.0,1.0,-0.16512822697702598,220,264,3,638,0
22,1007,1.5,1.5,1.4461034655968878,-0.09572640191192937,330,264,3,638,0
22,1007,2.0,2.0,1.8922069311937755,-0.054292936788338214,440,264,3,638,0
23,1000,1.0,1.0,1.0,-0.10422154395186735,230,276,3,667,0
23,1000,1.5,1.4956521739130435,1.4422475933631975,-0.056504229685257916,344,276,3,667,0
23,1000,2.0,2.0,1.8922539164345213,-0.030392401090416323,460,276,3,667,0
23,1001,1.0,1.0,1.0,-0.10422154395186735,230,276,3,667,0
23,1001,1.5,1.4956521739130435,1.4422475933631975,-0.06145225413785141,344,276,3,667,0
23,1001,2.0,2.0,1.8922539164345213,-0.030939944021849235,460,276,3,667,0
23,1002,1.0,1.0,1.0,-0.10422154395186735,230,276,3,667,0
23,1002,1.5,1.4956521739130435,1.4422475933631975,-0.05850142556150119,344,276,3,667,0
23,1002,2.0,2.0,1.8922539164345213,-0.03162471840015454,460,276,3,667,0
23,1003,1.0,1.0,1.0,-0.10422154395186735,230,276,3,667,0
23,1003,1.5,1.4956521739130435,1.4422475933631975,-0.055788405219789304,344,276,3,667,0
23,1003,2.0,2.0,1.8922539164345213,-0.032862126193510595,460,276,3,667,0
23,1004,1.0,1.0,1.0,-0.10422154395186735,230,276,3,667,0
23,1004,1.5,1.4956521739130435,1.4422475933631975,-0.05923857222075899,344,276,3,667,0
23,1004,2.0,2.0,1.8922539164345213,-0.03039646103928684,460,276,3,667,0
23,1005,1.0,1.0,1.0,-0.10422154395186735,230,276,3,667,0
23,1005,1.5,1.4956521739130435,1.4422475933631975,-0.06355620069437351,344,276,3,667,0
23,1005,2.0,2.0,1.8922539164345213,-0.03376299680962825,460,276,3,667,0
23,1006,1.0,1.0,1.0,-0.10422154395186735,230,276,3,667,0
23,1006,1.5,1.4956521739130435,1.4422475933631975,-0.057315408464758744,344,276,3,667,0
23,1006,2.0,2.0,1.8922539164345213,-0.031896938504625855,460,276,3,667,0
23,1007,1.0,1.0,1.0,-0.10422154395186735,230,276,3,667,0
23,1007,1.5,1.4956521739130435,1.4422475933631975,-0.057329039220080966,344,276,3,667,0
23,1007,2.0,2.0,1.8922539164345213,-0.03088515816391012,460,276,3,667,0
24,1000,1.0,1.0,1.0,-0.04470889223292828,240,288,3,696,0
24,1000,1.5,1.5,1.4461484952930028,-0.022735367774685447,360,288,3,696,0
24,1000,2.0,2.0,1.8922969905860059,-0.010203332071898353,480,288,3,696,0
24,1001,1.0,1.0,1.0,-0.04470889223292828,240,288,3,696,0
24,1001,1.5,1.5,1.4461484952930028,-0.02421749247499709,360,288,3,696,0
24,1001,2.0,2.0,1.8922969905860059,-0.012441399451609983,480,288,3,696,0
24,1002,1.0,1.0,1.0,-0.04470889223292828,240,288,3,696,0
24,1002,1.5,1.5,1.4461484952930028,-0.023119304590242015,360,288,3,696,0
24,1002,2.0,2.0,1.8922969905860059,-0.011614297545802958,480,288,3,696,0
24,1003,1.0,1.0,1.0,-0.04470889223292828,240,288,3,696,0
24,1003,1.5,1.5,1.4461484952930028,-0.022134692964009786,360,288,3,696,0
24,1003,2.0,2.0,1.8922969905860059,-0.013483041992629978,480,288,3,696,0
24,1004,1.0,1.0,1.0,-0.04470889223292828,240,288,3,696,0
24,1004,1.5,1.5,1.4461484952930028,-0.022147203039815013,360,288,3,696,0
24,1004,2.0,2.0,1.8922969905860059,-0.010326458206375068,480,288,3,696,0
24,1005,1.0,1.0,1.0,-0.04470889223292828,240,288,3,696,0
24,1005,1.5,1.5,1.4461484952930028,-0.023649072546665657,360,288,3,696,0
24,1005,2.0,2.0,1.8922969905860059,-0.013307673166127014,480,288,3,696,0
24,1006,1.0,1.0,1.0,-0.04470889223292828,240,288,3,696,0
24,1006,1.5,1.5,1.4461484952930028,-0.02314106031708965,360,288,3,696,0
24,1006,2.0,2.0,1.8922969905860059,-0.011747908904716643,480,288,3,696,0
24,1007,1.0,1.0,1.0,-0.04470889223292828,240,288,3,696,0
24,1007,1.5,1.5,1.4461484952930028,-0.024060989700379072,360,288,3,696,0
24,1007,2.0,2.0,1.8922969905860059,-0.010454830412757994,480,288,3,696,0
25,1000,1.0,1.0,1.0,0.01200828723633154,250,300,3,725,0
25,1000,1.5,1.496,1.4425989647494084,0.008599023682891038,374,300,3,725,0
25,1000,2.0,2.0,1.8923366224786453,0.006535309790896555,500,300,3,725,0
25,1001,1.0,1.0,1.0,0.01200828723633154,250,300,3,725,0
25,1001,1.5,1.496,1.4425989647494084,0.0070255429227509564,374,300,3,725,0
25,1001,2.0,2.0,1.8923366224786453,0.0058471102633080195,500,300,3,725,0
25,1002,1.0,1.0,1.0,0.01200828723633154,250,300,3,725,0
25,1002,1.5,1.496,1.4425989647494084,0.007248429889616721,374,300,3,725,0
25,1002,2.0,2.0,1.8923366224786453,0.005654709313934928,500,300,3,725,0
25,1003,1.0,1.0,1.0,0.01200828723633154,250,300,3,725,0
25,1003,1.5,1.496,1.4425989647494084,0.007427177128503861,374,300,3,725,0
25,1003,2.0,2.0,1.8923366224786453,0.005662475982215981,500,300,3,725,0
25,1004,1.0,1.0,1.0,0.01200828723633154,250,300,3,725,0
25,1004,1.5,1.496,1.4425989647494084,0.008572035816183333,374,300,3,725,0
25,1004,2.0,2.0,1.8923366224786453,0.005778597214483806,500,300,3,725,0
25,1005,1.0,1.0,1.0,0.01200828723633154,250,300,3,725,0
25,1005,1.5,1.496,1.4425989647494084,0.008818798525743904,374,300,3,725,0
25,1005,2.0,2.0,1.8923366224786453,0.004813432491392421,500,300,3,725,0
25,1006,1.0,1.0,1.0,0.01200828723633154,250,300,3,725,0
25,1006,1.5,1.496,1.4425989647494084,0.0074846431412550485,374,300,3,725,0
25,1006,2.0,2.0,1.8923366224786453,0.004685837674199919,500,300,3,725,0
25,1007,1.0,1.0,1.0,0.01200828723633154,250,300,3,725,0
25,1007,1.5,1.496,1.4425989647494084,0.007318907612550657,374,300,3,725,0
25,1007,2.0,2.0,1.8923366224786453,0.003831476690520486,500,300,3,725,0
26,1000,1.0,1.0,1.0,0.05875056147802233,260,312,3,754,0
26,1000,1.5,1.5,1.4461866044445169,0.03238249204878405,390,312,3,754,0
26,1000,2.0,2.0,1.8923732088890335,0.018110186770007364,520,312,3,754,0
26,1001,1.0,1.0,1.0,0.05875056147802233,260,312,3,754,0
26,1001,1.5,1.5,1.4461866044445169,0.030467979398933066,390,312,3,754,0
26,1001,2.0,2.0,1.8923732088890335,0.017709875452776788,520,312,3,754,0
26,1002,1.0,1.0,1.0,0.05875056147802233,260,312,3,754,0
26,1002,1.5,1.5,1.4461866044445169,0.031809812482126915,390,312,3,754,0
26,1002,2.0,2.0,1.8923732088890335,0.017868130844546085,520,312,3,754,0
26,1003,1.0,1.0,1.0,0.05875056147802233,260,312,3,754,0
26,1003,1.5,1.5,1.4461866044445169,0.03007938744156939,390,312,3,754,0
26,1003,2.0,2.0,1.8923732088890335,0.01692519496207513,520,312,3,754,0
26,1004,1.0,1.0,1.0,0.05875056147802233,260,312,3,754,0
26,1004,1.5,1.5,1.4461866044445169,0.031037103075198146,390,312,3,754,0
26,1004,2.0,2.0,1.8923732088890335,0.016547565776070233,520,312,3,754,0
26,1005,1.0,1.0,1.0,0.05875056147802233,260,312,3,754,0
26,1005,1.5,1.5,1.4461866044445169,0.030585059357563782,390,312,3,754,0
26,1005,2.0,2.0,1.8923732088890335,0.016734254768471506,520,312,3,754,0
26,1006,1.0,1.0,1.0,0.05875056147802233,260,312,3,754,0
26,1006,1.5,1.5,1.4461866044445169,0.03101446635259741,390,312,3,754,0
26,1006,2.0,2.0,1.8923732088890335,0.016880255054974633,520,312,3,754,0
26,1007,1.0,1.0,1.0,0.05875056147802233,260,312,3,754,0
26,1007,1.5,1.5,1.4461866044445169,0.030502113151707526,390,312,3,754,0
26,1007,2.0,2.0,1.8923732088890335,0.01795194742234776,520,312,3,754,0
27,1000,1.0,1.0,1.0,0.09376898518317167,270,324,3,783,0
27,1000,1.5,1.5037037037037038,1.4495087553715897,0.049492605741193074,406,324,3,783,0
27,1000,2.0,2.0,1.8924070878700678,0.025922227693244163,540,324,3,783,0
27,1001,1.0,1.0,1.0,0.09376898518317167,270,324,3,783,0
27,1001,1.5,1.5037037037037038,1.4495087553715897,0.047137715911999,406,324,3,783,0
27,1001,2.0,2.0,1.8924070878700678,0.02480633670437984,540,324,3,783,0
27,1002,1.0,1.0,1.0,0.09376898518317167,270,324,3,783,0
27,1002,1.5,1.5037037037037038,1.4495087553715897,0.04746288878614439,406,324,3,783,0
27,1002,2.0,2.0,1.8924070878700678,0.024500776789847863,540,324,3,783,0
27,1003,1.0,1.0,1.0,0.09376898518317167,270,324,3,783,0
27,1003,1.5,1.5037037037037038,1.4495087553715897,0.046323855120392415,406,324,3,783,0
27,1003,2.0,2.0,1.8924070878700678,0.025279582152442668,540,324,3,783,0
27,1004,1.0,1.0,1.0,0.09376898518317167,270,324,3,783,0
27,1004,1.5,1.5037037037037038,1.4495087553715897,0.0472189786301264,406,324,3,783,0
27,1004,2.0,2.0,1.8924070878700678,0.02401437819702099,540,324,3,783,0
27,1005,1.0,1.0,1.0,0.09376898518317167,270,324,3,783,0
27,1005,1.5,1.5037037037037038,1.4495087553715897,0.04870843457285259,406,324,3,783,0
27,1005,2.0,2.0,1.8924070878700678,0.024376830398004423,540,324,3,783,0
27,1006,1.0,1.0,1.0,0.09376898518317167,270,324,3,783,0
27,1006,1.5,1.5037037037037038,1.4495087553715897,0.046687306954900226,406,324,3,783,0
27,1006,2.0,2.0,1.8924070878700678,0.02436788892678904,540,324,3,783,0
27,1007,1.0,1.0,1.0,0.09376898518317167,270,324,3,783,0
27,1007,1.5,1.5037037037037038,1.4495087553715897,0.04621405981289195,406,324,3,783,0
27,1007,2.0,2.0,1.8924070878700678,0.024509806699286506,540,324,3,783,0
28,1000,1.0,1.0,1.0,0.11477695302481178,280,336,3,812,0
28,1000,1.5,1.5,1.4462192746136722,0.05771102954018924,420,336,3,812,0
28,1000,2.0,2.0,1.8924385492273443,0.029275687784324197,560,336,3,812,0
28,1001,1.0,1.0,1.0,0.11477695302481178,280,336,3,812,0
28,1001,1.5,1.5,1.4462192746136722,0.055584215034889445,420,336,3,812,0
28,1001,2.0,2.0,1.8924385492273443,0.02831088404818562,560,336,3,812,0
28,1002,1.0,1.0,1.0,0.11477695302481178,280,336,3,812,0
28,1002,1.5,1.5,1.4462192746136722,0.05643107588195948,420,336,3,812,0
28,1002,2.0,2.0,1.8924385492273443,0.02820508393586656,560,336,3,812,0
28,1003,1.0,1.0,1.0,0.11477695302481178,280,336,3,812,0
28,1003,1.5,1.5,1.4462192746136722,0.05601870315235643,420,336,3,812,0
28,1003,2.0,2.0,1.8924385492273443,0.02836676715040831,560,336,3,812,0
28,1004,1.0,1.0,1.0,0.11477695302481178,280,336,3,812,0
28,1004,1.5,1.5,1.4462192746136722,0.0579408500817735,420,336,3,812,0
28,1004,2.0,2.0,1.8924385492273443,0.027594398174730504,560,336,3,812,0
28,1005,1.0,1.0,1.0,0.11477695302481178,280,336,3,812,0
28,1005,1.5,1.5,1.4462192746136722,0.057792630996479556,420,336,3,812,0
28,1005,2.0,2.0,1.8924385492273443,0.028926434486262816,560,336,3,812,0
28,1006,1.0,1.0,1.0,0.11477695302481178,280,336,3,812,0
28,1006,1.5,1.5,1.4462192746136722,0.056163117422171754,420,336,3,812,0
28,1006,2.0,2.0,1.8924385492273443,0.02772639687764476,560,336,3,812,0
28,1007,1.0,1.0,1.0,0.11477695302481178,280,336,3,812,0
28,1007,1.5,1.5,1.4462192746136722,0.05485802866655961,420,336,3,812,0
28,1007,2.0,2.0,1.8924385492273443,0.02761434609560839,560,336,3,812,0
29,1000,1.0,1.0,1.0,0.12152988400981629,290,348,3,841,0
29,1000,1.5,1.5034482758620689,1.4493113967351094,0.057967675759550225,436,348,3,841,0
29,1000,2.0,2.0,1.8924678428300121,0.02825691467897206,580,348,3,841,0
29,1001,1.0,1.0,1.0,0.12152988400981629,290,348,3,841,0
29,1001,1.5,1.5034482758620689,1.4493113967351094,0.0572441930160536,436,348,3,841,0
29,1001,2.0,2.0,1.8924678428300121,0.028033680880298062,580,348,3,841,0
29,1002,1.0,1.0,1.0,0.12152988400981629,290,348,3,841,0
29,1002,1.5,1.5034482758620689,1.4493113967351094,0.058382106404350105,436,348,3,841,0
29,1002,2.0,2.0,1.8924678428300121,0.027989829329853173,580,348,3,841,0
29,1003,1.0,1.0,1.0,0.12152988400981629,290,348,3,841,0
29,1003,1.5,1.5034482758620689,1.4493113967351094,0.05556842693196693,436,348,3,841,0
29,1003,2.0,2.0,1.8924678428300121,0.027204373902079273,580,348,3,841,0
29,1004,1.0,1.0,1.0,0.12152988400981629,290,348,3,841,0
29,1004,1.5,1.5034482758620689,1.4493113967351094,0.05902735582861388,436,348,3,841,0
29,1004,2.0,2.0,1.8924678428300121,0.027022852379179844,580,348,3,841,0
29,1005,1.0,1.0,1.0,0.12152988400981629,290,348,3,841,0
29,1005,1.5,1.5034482758620689,1.4493113967351094,0.059511763436252675,436,348,3,841,0
29,1005,2.0,2.0,1.8924678428300121,0.029366457080907564,580,348,3,841,0
29,1006,1.0,1.0,1.0,0.12152988400981629,290,348,3,841,0
29,1006,1.5,1.5034482758620689,1.4493113967351094,0.05732774338207026,436,348,3,841,0
29,1006,2.0,2.0,1.8924678428300121,0.02792623901878863,580,348,3,841,0
29,1007,1.0,1.0,1.0,0.12152988400981629,290,348,3,841,0
29,1007,1.5,1.5034482758620689,1.4493113967351094,0.05730923799777545,436,348,3,841,0
29,1007,2.0,2.0,1.8924678428300121,0.027506918054684124,580,348,3,841,0
30,1000,1.0,1.0,1.0,0.11534213488628058,300,360,3,870,0
30,1000,1.5,1.5,1.4462475926304665,0.05332297749279913,450,360,3,870,0
30,1000,2.0,2.0,1.8924951852609337,0.025156651095011657,600,360,3,870,0
30,1001,1.0,1.0,1.0,0.11534213488628058,300,360,3,870,0
30,1001,1.5,1.5,1.4462475926304665,0.05212525380527521,450,360,3,870,0
30,1001,2.0,2.0,1.8924951852609337,0.024909210512250417,600,360,3,870,0
30,1002,1.0,1.0,1.0,0.11534213488628058,300,360,3,870,0
30,1002,1.5,1.5,1.4462475926304665,0.05342660609381383,450,360,3,870,0
30,1002,2.0,2.0,1.8924951852609337,0.024558973919111313,600,360,3,870,0
30,1003,1.0,1.0,1.0,0.11534213488628058,300,360,3,870,0
30,1003,1.5,1.5,1.4462475926304665,0.05315103470995847,450,360,3,870,0
30,1003,2.0,2.0,1.8924951852609337,0.024349848269864194,600,360,3,870,0
30,1004,1.0,1.0,1.0,0.11534213488628058,300,360,3,870,0
30,1004,1.5,1.5,1.4462475926304665,0.053332696100450605,450,360,3,870,0
30,1004,2.0,2.0,1.8924951852609337,0.024213199792399585,600,360,3,870,0
30,1005,1.0,1.0,1.0,0.11534213488628058,300,360,3,870,0
30,1005,1.5,1.5,1.4462475926304665,0.054024179778544894,450,360,3,870,0
30,1005,2.0,2.0,1.8924951852609337,0.025581286248465607,600,360,3,870,0
30,1006,1.0,1.0,1.0,0.11534213488628058,300,360,3,870,0
30,1006,1.5,1.5,1.4462475926304665,0.052881941962297396,450,360,3,870,0
30,1006,2.0,2.0,1.8924951852609337,0.024720947485297816,600,360,3,870,0
30,1007,1.0,1.0,1.0,0.11534213488628058,300,360,3,870,0
30,1007,1.5,1.5,1.4462475926304665,0.05421126776002688,450,360,3,870,0
30,1007,2.0,2.0,1.8924951852609337,0.02480794804891833,600,360,3,870,0
31,1000,1.0,1.0,1.0,0.09906982427454998,310,372,3,899,0
31,1000,1.5,1.5032258064516129,1.4491394818329313,0.04382141815097176,466,372,3,899,0
31,1000,2.0,2.0,1.892520765180825,0.02003181830806903,620,372,3,899,0
31,1001,1.0,1.0,1.0,0.09906982427454998,310,372,3,899,0
31,1001,1.5,1.5032258064516129,1.4491394818329313,0.044411457914582064,466,372,3,899,0
31,1001,2.0,2.0,1.892520765180825,0.02018098993604218,620,372,3,899,0
31,1002,1.0,1.0,1.0,0.09906982427454998,310,372,3,899,0
31,1002,1.5,1.5032258064516129,1.4491394818329313,0.04429603007318556,466,372,3,899,0
31,1002,2.0,2.0,1.892520765180825,0.01981451766020081,620,372,3,899,0
31,1003,1.0,1.0,1.0,0.09906982427454998,310,372,3,899,0
31,1003,1.5,1.5032258064516129,1.4491394818329313,0.04541594366984473,466,372,3,899,0
31,1003,2.0,2.0,1.892520765180825,0.019967672649164752,620,372,3,899,0
31,1004,1.0,1.0,1.0,0.09906982427454998,310,372,3,899,0
31,1004,1.5,1.5032258064516129,1.4491394818329313,0.04536808462594273,466,372,3,899,0
31,1004,2.0,2.0,1.892520765180825,0.019318182557275486,620,372,3,899,0
31,1005,1.0,1.0,1.0,0.09906982427454998,310,372,3,899,0
31,1005,1.5,1.5032258064516129,1.4491394818329313,0.043995507127886795,466,372,3,899,0
31,1005,2.0,2.0,1.892520765180825,0.020842266166229566,620,372,3,899,0
31,1006,1.0,1.0,1.0,0.09906982427454998,310,372,3,899,0
31,1006,1.5,1.5032258064516129,1.4491394818329313,0.044784395292212,466,372,3,899,0
31,1006,2.0,2.0,1.892520765180825,0.019796984862363167,620,372,3,899,0
31,1007,1.0,1.0,1.0,0.09906982427454998,310,372,3,899,0
31,1007,1.5,1.5032258064516129,1.4491394818329313,0.043825323439698784,466,372,3,899,0
31,1007,2.0,2.0,1.892520765180825,0.01988386002876968,620,372,3,899,0
32,1000,1.0,1.0,1.0,0.07501914151459328,320,384,3,928,0
32,1000,1.5,1.5,1.446272373843728,0.034272357181938516,480,384,3,928,0
32,1000,2.0,2.0,1.892544747687456,0.014738846178221254,640,384,3,928,0
32,1001,1.0,1.0,1.0,0.07501914151459328,320,384,3,928,0
32,1001,1.5,1.5,1.446272373843728,0.03125224549419002,480,384,3,928,0
32,1001,2.0,2.0,1.892544747687456,0.013860472507820906,640,384,3,928,0
32,1002,1.0,1.0,1.0,0.07501914151459328,320,384,3,928,0
32,1002,1.5,1.5,1.446272373843728,0.03471139610692161,480,384,3,928,0
32,1002,2.0,2.0,1.892544747687456,0.014371476104304984,640,384,3,928,0
32,1003,1.0,1.0,1.0,0.07501914151459328,320,384,3,928,0
32,1003,1.5,1.5,1.446272373843728,0.03247458539993716,480,384,3,928,0
32,1003,2.0,2.0,1.892544747687456,0.013742190031196621,640,384,3,928,0
32,1004,1.0,1.0,1.0,0.07501914151459328,320,384,3,928,0
32,1004,1.5,1.5,1.446272373843728,0.03272576853353927,480,384,3,928,0
32,1004,2.0,2.0,1.892544747687456,0.013797389752081049,640,384,3,928,0
32,1005,1.0,1.0,1.0,0.07501914151459328,320,384,3,928,0
32,1005,1.5,1.5,1.446272373843728,0.032479361764296215,480,384,3,928,0
32,1005,2.0,2.0,1.892544747687456,0.015451436477221256,640,384,3,928,0
32,1006,1.0,1.0,1.0,0.07501914151459328,320,384,3,928,0
32,1006,1.5,1.5,1.446272373843728,0.03153654108884256,480,384,3,928,0
32,1006,2.0,2.0,1.892544747687456,0.013186519701738555,640,384,3,928,0
32,1007,1.0,1.0,1.0,0.07501914151459328,320,384,3,928,0
32,1007,1.5,1.5,1.446272373843728,0.033803465168854976,480,384,3,928,0
32,1007,2.0,2.0,1.892544747687456,0.014514801848364109,640,384,3,928,0
33,1000,1.0,1.0,1.0,0.04667310605695296,330,396,3,957,0
33,1000,1.5,1.503030303030303,1.4489883882683732,0.021314364691412804,496,396,3,957,0
33,1000,2.0,2.0,1.8925672778829106,0.009298706904183785,660,396,3,957,0
33,1001,1.0,1.0,1.0,0.04667310605695296,330,396,3,957,0
33,1001,1.5,1.503030303030303,1.4489883882683732,0.019898069196117692,496,396,3,957,0
33,1001,2.0,2.0,1.8925672778829106,0.008529987031109326,660,396,3,957,0
33,1002,1.0,1.0,1.0,0.04667310605695296,330,396,3,957,0
33,1002,1.5,1.503030303030303,1.4489883882683732,0.02060302047183366,496,396,3,957,0
33,1002,2.0,2.0,1.8925672778829106,0.008912369312105744,660,396,3,957,0
33,1003,1.0,1.0,1.0,0.04667310605695296,330,396,3,957,0
33,1003,1.5,1.503030303030303,1.4489883882683732,0.020846451746014558,496,396,3,957,0
33,1003,2.0,2.0,1.8925672778829106,0.008238254772495186,660,396,3,957,0
33,1004,1.0,1.0,1.0,0.04667310605695296,330,396,3,957,0
33,1004,1.5,1.503030303030303,1.4489883882683732,0.01858207705836014,496,396,3,957,0
33,1004,2.0,2.0,1.8925672778829106,0.007560349747237688,660,396,3,957,0
33,1005,1.0,1.0,1.0,0.04667310605695296,330,396,3,957,0
33,1005,1.5,1.503030303030303,1.4489883882683732,0.021862255502978004,496,396,3,957,0
33,1005,2.0,2.0,1.8925672778829106,0.009969419290792638,660,396,3,957,0
33,1006,1.0,1.0,1.0,0.04667310605695296,330,396,3,957,0
33,1006,1.5,1.503030303030303,1.4489883882683732,0.01845211855815505,496,396,3,957,0
33,1006,2.0,2.0,1.8925672778829106,0.006907148451151344,660,396,3,957,0
33,1007,1.0,1.0,1.0,0.04667310605695296,330,396,3,957,0
33,1007,1.5,1.503030303030303,1.4489883882683732,0.020028671346388967,496,396,3,957,0
33,1007,2.0,2.0,1.8925672778829106,0.008629493378153847,660,396,3,957,0
34,1000,1.0,1.0,1.0,0.018583235980049292,340,408,3,986,0
34,1000,1.5,1.5,1.446294241905912,0.00959481696321345,510,408,3,986,0
34,1000,2.0,2.0,1.892588483811824,0.0039373820823583915,680,408,3,986,0
34,1001,1.0,1.0,1.0,0.018583235980049292,340,408,3,986,0
34,1001,1.5,1.5,1.446294241905912,0.008355200588317463,510,408,3,986,0
34,1001,2.0,2.0,1.892588483811824,0.0031280703746276034,680,408,3,986,0
34,1002,1.0,1.0,1.0,0.018583235980049292,340,408,3,986,0
34,1002,1.5,1.5,1.446294241905912,0.008289135976730947,510,408,3,986,0
34,1002,2.0,2.0,1.892588483811824,0.003352818194403302,680,408,3,986,0
34,1003,1.0,1.0,1.0,0.018583235980049292,340,408,3,986,0
34,1003,1.5,1.5,1.446294241905912,0.007974870555425508,510,408,3,986,0
34,1003,2.0,2.0,1.892588483811824,0.003387156096926569,680,408,3,986,0
34,1004,1.0,1.0,1.0,0.018583235980049292,340,408,3,986,0
34,1004,1.5,1.5,1.446294241905912,0.008214830041571891,510,408,3,986,0
34,1004,2.0,2.0,1.892588483811824,0.002910336928071658,680,408,3,986,0
34,1005,1.0,1.0,1.0,0.018583235980049292,340,408,3,986,0
34,1005,1.5,1.5,1.446294241905912,0.008578941456714196,510,408,3,986,0
34,1005,2.0,2.0,1.892588483811824,0.004598717768234361,680,408,3,986,0
34,1006,1.0,1.0,1.0,0.018583235980049292,340,408,3,986,0
34,1006,1.5,1.5,1.446294241905912,0.008459497693666182,510,408,3,986,0
34,1006,2.0,2.0,1.892588483811824,0.0032948156913128945,680,408,3,986,0
34,1007,1.0,1.0,1.0,0.018583235980049292,340,408,3,986,0
34,1007,1.5,1.5,1.446294241905912,0.0073115193597876205,510,408,3,986,0
34,1007,2.0,2.0,1.892588483811824,0.00319644599652656,680,408,3,986,0
35,1000,1.0,1.0,1.0,-0.00872075470396869,350,420,3,1015,0
35,1000,1.5,1.502857142857143,1.4488545493878557,-0.0018690292969856988,526,420,3,1015,0
35,1000,2.0,2.0,1.8926084788963038,-0.00043705129207993016,700,420,3,1015,0
35,1001,1.0,1.0,1.0,-0.00872075470396869,350,420,3,1015,0
35,1001,1.5,1.502857142857143,1.4488545493878557,-0.0039714902388426655,526,420,3,1015,0
35,1001,2.0,2.0,1.8926084788963038,-0.0018816191001209746,700,420,3,1015,0
35,1002,1.0,1.0,1.0,-0.00872075470396869,350,420,3,1015,0
35,1002,1.5,1.502857142857143,1.4488545493878557,-0.0020789070059283655,526,420,3,1015,0
35,1002,2.0,2.0,1.8926084788963038,-0.0008710217470987594,700,420,3,1015,0
35,1003,1.0,1.0,1.0,-0.00872075470396869,350,420,3,1015,0
35,1003,1.5,1.502857142857143,1.4488545493878557,-0.0026949753307462434,526,420,3,1015,0
35,1003,2.0,2.0,1.8926084788963038,-0.0016996361249297957,700,420,3,1015,0
35,1004,1.0,1.0,1.0,-0.00872075470396869,350,420,3,1015,0
35,1004,1.5,1.502857142857143,1.4488545493878557,-0.002976480631497017,526,420,3,1015,0
35,1004,2.0,2.0,1.8926084788963038,-0.0012773466217772952,700,420,3,1015,0
35,1005,1.0,1.0,1.0,-0.00872075470396869,350,420,3,1015,0
35,1005,1.5,1.502857142857143,1.4488545493878557,-0.0023063242857939738,526,420,3,1015,0
35,1005,2.0,2.0,1.8926084788963038,-0.0002990352270332948,700,420,3,1015,0
35,1006,1.0,1.0,1.0,-0.00872075470396869,350,420,3,1015,0
35,1006,1.5,1.502857142857143,1.4488545493878557,-0.0017218172054893279,526,420,3,1015,0
35,1006,2.0,2.0,1.8926084788963038,-0.0010561970081940139,700,420,3,1015,0
35,1007,1.0,1.0,1.0,-0.00872075470396869,350,420,3,1015,0
35,1007,1.5,1.502857142857143,1.4488545493878557,-0.0029061716231761374,526,420,3,1015,0
35,1007,2.0,2.0,1.8926084788963038,-0.001100600799352813,700,420,3,1015,0
36,1000,1.0,1.0,1.0,-0.03173149358820808,360,432,3,1044,0
36,1000,1.5,1.5,1.446313681982667,-0.011566920920725204,540,432,3,1044,0
36,1000,2.0,2.0,1.8926273639653337,-0.004376569561079849,720,432,3,1044,0
36,1001,1.0,1.0,1.0,-0.03173149358820808,360,432,3,1044,0
36,1001,1.5,1.5,1.446313681982667,-0.011283497576062526,540,432,3,1044,0
36,1001,2.0,2.0,1.8926273639653337,-0.004769823612832865,720,432,3,1044,0
36,1002,1.0,1.0,1.0,-0.03173149358820808,360,432,3,1044,0
36,1002,1.5,1.5,1.446313681982667,-0.012000332680899162,540,432,3,1044,0
36,1002,2.0,2.0,1.8926273639653337,-0.004382682230129269,720,432,3,1044,0
36,1003,1.0,1.0,1.0,-0.03173149358820808,360,432,3,1044,0
36,1003,1.5,1.5,1.446313681982667,-0.011193472189452273,540,432,3,1044,0
36,1003,2.0,2.0,1.8926273639653337,-0.004394842920750139,720,432,3,1044,0
36,1004,1.0,1.0,1.0,-0.03173149358820808,360,432,3,1044,0
36,1004,1.5,1.5,1.446313681982667,-0.012940833217129456,540,432,3,1044,0
36,1004,2.0,2.0,1.8926273639653337,-0.004725082781545794,720,432,3,1044,0
36,1005,1.0,1.0,1.0,-0.03173149358820808,360,432,3,1044,0
36,1005,1.5,1.5,1.446313681982667,-0.010934247459579521,540,432,3,1044,0
36,1005,2.0,2.0,1.8926273639653337,-0.00411808291810248,720,432,3,1044,0
36,1006,1.0,1.0,1.0,-0.03173149358820808,360,432,3,1044,0
36,1006,1.5,1.5,1.446313681982667,-0.011355073690570577,540,432,3,1044,0
36,1006,2.0,2.0,1.8926273639653337,-0.004542788925309547,720,432,3,1044,0
36,1007,1.0,1.0,1.0,-0.03173149358820808,360,432,3,1044,0
36,1007,1.5,1.5,1.446313681982667,-0.011646679885821057,540,432,3,1044,0
36,1007,2.0,2.0,1.8926273639653337,-0.004193575652311919,720,432,3,1044,0
37,1000,1.0,1.0,1.0,-0.0480138416790799,370,444,3,1073,0
37,1000,1.5,1.5027027027027027,1.4487351691505121,-0.0173581412792448,556,444,3,1073,0
37,1000,2.0,2.0,1.89264522895532,-0.00641424171857132,740,444,3,1073,0
37,1001,1.0,1.0,1.0,-0.0480138416790799,370,444,3,1073,0
37,1001,1.5,1.5027027027027027,1.4487351691505121,-0.018531519968508558,556,444,3,1073,0
37,1001,2.0,2.0,1.89264522895532,-0.007031717873750459,740,444,3,1073,0
37,1002,1.0,1.0,1.0,-0.0480138416790799,370,444,3,1073,0
37,1002,1.5,1.5027027027027027,1.4487351691505121,-0.017497184109462605,556,444,3,1073,0
37,1002,2.0,2.0,1.89264522895532,-0.006488260971615981,740,444,3,1073,0
37,1003,1.0,1.0,1.0,-0.0480138416790799,370,444,3,1073,0
37,1003,1.5,1.5027027027027027,1.4487351691505121,-0.017745541402840848,556,444,3,1073,0
37,1003,2.0,2.0,1.89264522895532,-0.006853374086748087,740,444,3,1073,0
37,1004,1.0,1.0,1.0,-0.0480138416790799,370,444,3,1073,0
37,1004,1.5,1.5027027027027027,1.4487351691505121,-0.018471025256060418,556,444,3,1073,0
37,1004,2.0,2.0,1.89264522895532,-0.0069654702510964445,740,444,3,1073,0
37,1005,1.0,1.0,1.0,-0.0480138416790799,370,444,3,1073,0
37,1005,1.5,1.5027027027027027,1.4487351691505121,-0.017719032645293387,556,444,3,1073,0
37,1005,2.0,2.0,1.89264522895532,-0.006412888604600471,740,444,3,1073,0
37,1006,1.0,1.0,1.0,-0.0480138416790799,370,444,3,1073,0
37,1006,1.5,1.5027027027027027,1.4487351691505121,-0.01707563140662189,556,444,3,1073,0
37,1006,2.0,2.0,1.89264522895532,-0.006501922332012515,740,444,3,1073,0
37,1007,1.0,1.0,1.0,-0.0480138416790799,370,444,3,1073,0
37,1007,1.5,1.5027027027027027,1.4487351691505121,-0.018131374849480048,556,444,3,1073,0
37,1007,2.0,2.0,1.89264522895532,-0.006684187655282501,740,444,3,1073,0
38,1000,1.0,1.0,1.0,-0.058882459716308254,380,456,3,1102,0
38,1000,1.5,1.5,1.4463310771711604,-0.02178710229165709,570,456,3,1102,0
38,1000,2.0,2.0,1.892662154342321,-0.007810657697109439,760,456,3,1102,0
38,1001,1.0,1.0,1.0,-0.058882459716308254,380,456,3,1102,0
38,1001,1.5,1.5,1.4463310771711604,-0.022280843773338752,570,456,3,1102,0
38,1001,2.0,2.0,1.892662154342321,-0.008441209103273475,760,456,3,1102,0
38,1002,1.0,1.0,1.0,-0.058882459716308254,380,456,3,1102,0
38,1002,1.5,1.5,1.4463310771711604,-0.020926611248166582,570,456,3,1102,0
38,1002,2.0,2.0,1.892662154342321,-0.007686692772011241,760,456,3,1102,0
38,1003,1.0,1.0,1.0,-0.058882459716308254,380,456,3,1102,0
38,1003,1.5,1.5,1.4463310771711604,-0.022016212837035743,570,456,3,1102,0
38,1003,2.0,2.0,1.892662154342321,-0.008354034998190624,760,456,3,1102,0
38,1004,1.0,1.0,1.0,-0.058882459716308254,380,456,3,1102,0
38,1004,1.5,1.5,1.4463310771711604,-0.02201573702448881,570,456,3,1102,0
38,1004,2.0,2.0,1.892662154342321,-0.008165125052126883,760,456,3,1102,0
38,1005,1.0,1.0,1.0,-0.058882459716308254,380,456,3,1102,0
38,1005,1.5,1.5,1.4463310771711604,-0.021556106062701374,570,456,3,1102,0
38,1005,2.0,2.0,1.892662154342321,-0.00785473398400226,760,456,3,1102,0
38,1006,1.0,1.0,1.0,-0.058882459716308254,380,456,3,1102,0
38,1006,1.5,1.5,1.4463310771711604,-0.02072221630954333,570,456,3,1102,0
38,1006,2.0,2.0,1.892662154342321,-0.008058490761571106,760,456,3,1102,0
38,1007,1.0,1.0,1.0,-0.058882459716308254,380,456,3,1102,0
38,1007,1.5,1.5,1.4463310771711604,-0.0220096308392995,570,456,3,1102,0
38,1007,2.0,2.0,1.892662154342321,-0.00802101181695928,760,456,3,1102,0
39,1000,1.0,1.0,1.0,-0.06204008529268359,390,468,3,1131,0
39,1000,1.5,1.5025641025641026,1.4486280246702568,-0.023253590456809015,586,468,3,1131,0
39,1000,2.0,2.0,1.892678212354082,-0.008114280647609837,780,468,3,1131,0
39,1001,1.0,1.0,1.0,-0.06204008529268359,390,468,3,1131,0
39,1001,1.5,1.5025641025641026,1.4486280246702568,-0.022766016614360108,586,468,3,1131,0
39,1001,2.0,2.0,1.892678212354082,-0.008400183420972472,780,468,3,1131,0
39,1002,1.0,1.0,1.0,-0.06204008529268359,390,468,3,1131,0
39,1002,1.5,1.5025641025641026,1.4486280246702568,-0.02214446764751583,586,468,3,1131,0
39,1002,2.0,2.0,1.892678212354082,-0.007896688682200734,780,468,3,1131,0
39,1003,1.0,1.0,1.0,-0.06204008529268359,390,468,3,1131,0
39,1003,1.5,1.5025641025641026,1.4486280246702568,-0.022266988865444825,586,468,3,1131,0
39,1003,2.0,2.0,1.892678212354082,-0.00830491522622609,780,468,3,1131,0
39,1004,1.0,1.0,1.0,-0.06204008529268359,390,468,3,1131,0
39,1004,1.5,1.5025641025641026,1.4486280246702568,-0.022565100755727114,586,468,3,1131,0
39,1004,2.0,2.0,1.892678212354082,-0.00823954927261557,780,468,3,1131,0
39,1005,1.0,1.0,1.0,-0.06204008529268359,390,468,3,1131,0
39,1005,1.5,1.5025641025641026,1.4486280246702568,-0.022094952386187305,586,468,3,1131,0
39,1005,2.0,2.0,1.892678212354082,-0.008125022892567158,780,468,3,1131,0
39,1006,1.0,1.0,1.0,-0.06204008529268359,390,468,3,1131,0
39,1006,1.5,1.5025641025641026,1.4486280246702568,-0.021850235467278607,586,468,3,1131,0
39,1006,2.0,2.0,1.892678212354082,-0.00804046489999554,780,468,3,1131,0
39,1007,1.0,1.0,1.0,-0.06204008529268359,390,468,3,1131,0
39,1007,1.5,1.5025641025641026,1.4486280246702568,-0.022903514450676715,586,468,3,1131,0
39,1007,2.0,2.0,1.892678212354082,-0.008121837381457036,780,468,3,1131,0
40,1000,1.0,1.0,1.0,-0.058145395972190414,400,480,3,1160,0
40,1000,1.5,1.5,1.4463467340001943,-0.020983823316753223,600,480,3,1160,0
40,1000,2.0,2.0,1.8926934680003888,-0.007261598288575099,800,480,3,1160,0
40,1001,1.0,1.0,1.0,-0.058145395972190414,400,480,3,1160,0
40,1001,1.5,1.5,1.4463467340001943,-0.02083561083622815,600,480,3,1160,0
40,1001,2.0,2.0,1.8926934680003888,-0.007462684500987937,800,480,3,1160,0
40,1002,1.0,1.0,1.0,-0.058145395972190414,400,480,3,1160,0
40,1002,1.5,1.5,1.4463467340001943,-0.02145638535006345,600,480,3,1160,0
40,1002,2.0,2.0,1.8926934680003888,-0.007571261308206653,800,480,3,1160,0
40,1003,1.0,1.0,1.0,-0.058145395972190414,400,480,3,1160,0
40,1003,1.5,1.5,1.4463467340001943,-0.0210950081968312,600,480,3,1160,0
40,1003,2.0,2.0,1.8926934680003888,-0.007610280790986336,800,480,3,1160,0
40,1004,1.0,1.0,1.0,-0.058145395972190414,400,480,3,1160,0
40,1004,1.5,1.5,1.4463467340001943,-0.020126596338858552,600,480,3,1160,0
40,1004,2.0,2.0,1.8926934680003888,-0.007321529799459153,800,480,3,1160,0
40,1005,1.0,1.0,1.0,-0.058145395972190414,400,480,3,1160,0
40,1005,1.5,1.5,1.4463467340001943,-0.021185875697598396,600,480,3,1160,0
40,1005,2.0,2.0,1.8926934680003888,-0.007697922358155958,800,480,3,1160,0
40,1006,1.0,1.0,1.0,-0.058145395972190414,400,480,3,1160,0
40,1006,1.5,1.5,1.4463467340001943,-0.020801344074676317,600,480,3,1160,0
40,1006,2.0,2.0,1.8926934680003888,-0.007308188735428101,800,480,3,1160,0
40,1007,1.0,1.0,1.0,-0.058145395972190414,400,480,3,1160,0
40,1007,1.5,1.5,1.4463467340001943,-0.020932485016717815,600,480,3,1160,0
40,1007,2.0,2.0,1.8926934680003888,-0.007571507755247243,800,480,3,1160,0
