n,fold_seed,primary_intercept,nominal_intercept,effective_intercept,clamp_flag,secondary_log,secondary_avoid_log,secondary_avoid_log_failed,shot_clamp_flag,shot_secondary_log,shot_secondary_avoid_log,shot_secondary_avoid_log_failed
1,1000,-0.8837302113332676,-0.8827691696074763,-0.8879254976720099,0,-0.883763029398763,-0.8838112234362765,0,0,-0.8843986766904378,-0.8844985623582252,0
1,1001,-0.8837302113332676,-0.8827691696074763,-0.8879254976720099,0,-0.883763029398763,-0.8838112234362765,0,0,-0.8788402303301068,-0.8788914097751388,0
1,1002,-0.8836933007738724,-0.8827618405341046,-0.8878776710486634,0,-0.8837515921861487,-0.8837972931257058,0,0,-0.8874022862048243,-0.8874786368958676,0
1,1003,-0.8837313558176093,-0.8827704071393256,-0.887926788045156,0,-0.883764342587033,-0.8838125306181631,0,0,-0.8878686611626072,-0.8879662764974727,0
1,1004,-0.8836709209949231,-0.882705058916421,-0.8878586495224727,0,-0.8836950035002141,-0.8837435628377315,0,0,-0.880473069363921,-0.8805253961279318,0
1,1005,-0.8837526504619054,-0.8828260154000264,-0.8879445861132658,0,-0.8838196871340818,-0.8838650133954231,0,0,-0.8906657651425619,-0.8905835787029516,0
1,1006,-0.8836784407381408,-0.8827241089325726,-0.8878650463919316,0,-0.8837139893368161,-0.8837615909287554,0,0,-0.8816757508743016,-0.8816667436271751,0
1,1007,-0.883678396307837,-0.8827240825534828,-0.8878649921684385,0,-0.8837139589159053,-0.8837615598876811,0,0,-0.8885340233000695,-0.8885343074112435,0
2,1000,-0.7241430654883001,-0.7241430654883001,-0.7299149118440453,0,-0.7271490922463909,-0.7271649533575602,0,0,-0.7457204809963365,-0.7453205696059088,0
2,1001,-0.7235747555536762,-0.7235747555536762,-0.7292711009312447,0,-0.7265001787028698,-0.7265168093982897,0,0,-0.7256590733561803,-0.7253245330848866,0
2,1002,-0.7244269853655014,-0.7244269853655014,-0.7302265517851513,0,-0.7274625174879885,-0.7274700464968105,0,0,-0.7303322039330399,-0.7303127359996325,0
2,1003,-0.7237513313445637,-0.7237513313445637,-0.7294206868221024,0,-0.7266465352099896,-0.7266237751608248,0,0,-0.7162165670960727,-0.7163303215168987,0
2,1004,-0.7238720799937947,-0.7238720799937947,-0.7295947927826608,0,-0.7268250338872544,-0.7268309958276988,0,0,-0.7187542692816307,-0.7188781286288504,0
2,1005,-0.7248000603233977,-0.7248000603233977,-0.7306155884690473,0,-0.727851705268517,-0.7278318429399178,0,0,-0.7253962560801694,-0.7255225501108449,0
2,1006,-0.7245079714331792,-0.7245079714331792,-0.7303125471915213,0,-0.7275487087280548,-0.727551542784641,0,0,-0.7435161592989329,-0.7433793687643663,0
2,1007,-0.724064189293503,-0.724064189293503,-0.7297908663392387,0,-0.7270206288790301,-0.7270094044253548,0,0,-0.7297426614037476,-0.7297156312403651,0
3,1000,-0.557240790300329,-0.5578318027783209,-0.5633529437641103,0,-0.5628451987704066,-0.5627811390126576,0,0,-0.5626590212492564,-0.5622389966544983,0
3,1001,-0.5554442431389155,-0.5559342017661706,-0.5612710597873489,0,-0.5604563861912952,-0.5603421984812592,0,0,-0.5509984148318255,-0.5510100482867875,0
3,1002,-0.5536696537528273,-0.554223458744142,-0.5593212640902058,0,-0.5584794154223564,-0.5584330736025515,0,0,-0.5731584953234703,-0.57319296043569,0
3,1003,-0.5523847782615793,-0.5529758222019638,-0.5579036752411703,0,-0.5570342644982607,-0.557027866221825,0,0,-0.5729900982577829,-0.5730267948074708,0
3,1004,-0.5569481684552168,-0.5574000711655295,-0.5629339282596345,0,-0.5621752185997526,-0.5620114245139611,0,0,-0.5572810047861788,-0.5568780061448296,0
3,1005,-0.5552878954901815,-0.5558906096563686,-0.5611690812977398,0,-0.5605213515348425,-0.5604906597336136,0,0,-0.5557582090730137,-0.5557288188705424,0
3,1006,-0.5580609434760613,-0.558639578644647,-0.5642652331230654,0,-0.5638087412340224,-0.5637239961346282,0,0,-0.5551629229387007,-0.5553938850886014,0
3,1007,-0.555429159211525,-0.5560022888665083,-0.5613083266681232,0,-0.5606242184191528,-0.5605702248262008,0,0,-0.5571659371178456,-0.5571441012063636,0
4,1000,-0.27531827983296614,-0.27531827983296614,-0.278205156111106,0,-0.27765775951142013,-0.27767819984595066,0,0,-0.2724956273895792,-0.2728993325940848,0
4,1001,-0.2749830841160156,-0.2749830841160156,-0.27787519758864393,0,-0.2773362113896892,-0.2774165865000188,0,0,-0.27568234668213226,-0.27569957262256195,0
4,1002,-0.2773062468013079,-0.2773062468013079,-0.28028609409014626,0,-0.27979772169248296,-0.27960610570120975,0,0,-0.27959852256752993,-0.27847884221191155,0
4,1003,-0.2743921590254568,-0.2743921590254568,-0.27720904363414123,0,-0.2766189159459281,-0.27669725132430095,0,0,-0.2840796117405797,-0.28442350178635584,0
4,1004,-0.277593893352514,-0.277593893352514,-0.2807292668173623,0,-0.28037272064186214,-0.2803360926985205,0,0,-0.2744832515488215,-0.27440896389677544,0
4,1005,-0.27795597984577824,-0.27795597984577824,-0.28108675203017663,0,-0.2807226200886645,-0.2806150912885588,0,0,-0.27096611167748547,-0.2706537933568877,0
4,1006,-0.278245061522839,-0.278245061522839,-0.2815114462412529,0,-0.2812792756575561,-0.2813099137009263,0,0,-0.28544799008378213,-0.28641541710574153,0
4,1007,-0.2760123344039728,-0.2760123344039728,-0.27899127784724476,0,-0.27851144125425414,-0.27853686493561347,0,0,-0.28198268935551923,-0.2817604139123581,0
5,1000,-0.021044315215662822,-0.02113676392365025,-0.020377758050989906,0,-0.02208244635384058,-0.021806452834840968,0,0,-0.02256276628607784,-0.021186581285721467,0
5,1001,-0.01865891409295447,-0.01857678867429939,-0.01753008598874365,0,-0.020897681127760068,-0.020962387499285726,0,0,-0.0230453228044376,-0.023027619689524922,0
5,1002,-0.01695724298082346,-0.016785805772612024,-0.015534844691074844,0,-0.02024268304677047,-0.020497716424803126,0,0,-0.02196560049132308,-0.021908825746005167,0
5,1003,-0.019277003074955272,-0.01925921827490648,-0.018287590811757376,0,-0.02110836211834959,-0.02103493981554109,0,0,-0.014617121890551333,-0.014367167497243812,0
5,1004,-0.01652608345200237,-0.016376739259173035,-0.015075263023361051,0,-0.019950763858777493,-0.020158290242542377,0,0,-0.030702506155532962,-0.03080672800044942,0
5,1005,-0.017638496294802797,-0.017528756277331047,-0.016360287253899392,0,-0.02040779338117216,-0.020528700032504715,0,0,-0.019281166474628814,-0.019680864791318736,0
5,1006,-0.01874291762786942,-0.018651892493823843,-0.01761490448713618,0,-0.02096917189410887,-0.021053716921812432,0,0,-0.022510985239877886,-0.022370876073456284,0
5,1007,-0.016710915235802735,-0.01652286606255392,-0.015242235255332361,0,-0.020173483504255015,-0.02046414580745458,0,0,-0.019765059279203516,-0.020121551212195304,0
6,1000,0.2149906680263682,0.2149906680263682,0.22066353576915215,0,0.23229190448097914,0.23158318001206252,0,0,0.24635305971528776,0.24411679446468937,0
6,1001,0.2142630816294662,0.2142630816294662,0.21998585016713787,0,0.2320816080487149,0.23216509849646816,0,0,0.21425835596677037,0.21425510923770968,0
6,1002,0.21606479747070578,0.21606479747070578,0.2221036691702624,0,0.23643000391306582,0.2370568468221169,0,0,0.2257506657451913,0.22669468994686012,0
6,1003,0.2191942559676249,0.2191942559676249,0.22548705485421183,0,0.241466932864398,0.24114744684335915,0,0,0.2483307366032522,0.24600946734944817,0
6,1004,0.21832609099829522,0.21832609099829522,0.22452607263451882,0,0.23983994778010226,0.23964943973861194,0,0,0.23264736478534567,0.22987584368970362,0
6,1005,0.2148768421871262,0.2148768421871262,0.2206529145122002,0,0.2330620566389858,0.23300076943848888,0,0,0.20465292394395196,0.20471974120737851,0
6,1006,0.21622239328564738,0.21622239328564738,0.22218210044882528,0,0.23582752381133157,0.23583015126562173,0,0,0.24858440749650598,0.247119149284263,0
6,1007,0.22104072000134542,0.22104072000134542,0.22762334265268644,0,0.24597598348338692,0.2460031689394965,0,0,0.24168876479484175,0.24112858002260332,0
7,1000,0.43603284288494076,0.4365541762179595,0.44797923339962903,0,0.47602486308016445,0.4751856120157805,0,0,0.47790016618863357,0.47775888802433847,0
7,1001,0.4295021165268631,0.43003799305438606,0.4407045937848437,0,0.46404963707114233,0.4637862393701924,0,0,0.4783145254385895,0.47937994759256436,0
7,1002,0.4327019068734746,0.43323051221881365,0.4442686668772299,0,0.46984908913903,0.4693174441370306,0,0,0.47077629587220254,0.47077804396568423,0
7,1003,0.4329663021369907,0.4334116581575545,0.44444708695363105,0,0.4692139060403139,0.4680373888927744,0,0,0.45853674830393165,0.45624372159370036,0
7,1004,0.4392937579836092,0.43990142417440875,0.4517430470578669,0,0.48363348096822845,0.48325799421076326,0,0,0.5147044785171198,0.515123422232979,0
7,1005,0.4340027974851584,0.43458976938092864,0.4458037829222691,0,0.4731040104310914,0.47294170808334335,0,0,0.49842504665452847,0.5004591698103926,0
7,1006,0.4303635361712354,0.43097618896377443,0.4417746598523942,0,0.466648620225681,0.46691611695574586,0,0,0.44933093984080646,0.44936761402242714,0
7,1007,0.43674723076835464,0.43728412412218975,0.4487990845220503,0,0.4776165651029098,0.47684571308443185,0,0,0.47713020117573907,0.4763825018519692,0
8,1000,0.5664706081950494,0.5664706081950494,0.5825087688937608,0,0.6234076638067436,0.6239210684746922,0,0,0.6682160170915342,0.6681878526397673,0
8,1001,0.567223992767097,0.567223992767097,0.5833716486042437,0,0.6251251738472049,0.625736675832916,0,0,0.5920234531040461,0.5933169206557901,0
8,1002,0.5689370753560234,0.5689370753560234,0.5852172366239135,0,0.6278668877540001,0.6279023907223891,0,0,0.6510705056951671,0.6481731659083844,0
8,1003,0.569624453402977,0.569624453402977,0.5860230174035256,0,0.6296462621643748,0.6298950332666622,0,0,0.6086825195870581,0.6092669926199596,0
8,1004,0.5750167656742253,0.5750167656742253,0.5920126325294613,0,0.6403597472095776,0.6399637372119036,0,0,0.6461096327752692,0.6479423341537259,0
8,1005,0.5732953619265495,0.5732953619265495,0.5901162767144771,0,0.637077901654063,0.6370095643691863,0,0,0.6474419991656091,0.6465232042817265,0
8,1006,0.5703375249950422,0.5703375249950422,0.5868066829636958,0,0.6309576192972188,0.6310674258523478,0,0,0.6297407741991209,0.6307423746389507,0
8,1007,0.5718363416559472,0.5718363416559472,0.588527828797427,0,0.6345183936851718,0.6348537979627631,0,0,0.6500875333692556,0.6508072993765008,0
9,1000,0.6543800320279691,0.655216576439596,0.6744862216104949,0,0.7393472447049652,0.7394510046774233,0,0,0.7515546272787952,0.749371788084597,0
9,1001,0.652396038306306,0.653206530320594,0.6722253189666058,0,0.7344360406353189,0.7343623953680383,0,0,0.7262479946864896,0.7267922573207737,0
9,1002,0.6560678536299839,0.6569063028836685,0.6763735262912545,0,0.7430929956493638,0.743063406448502,0,0,0.7243696420391754,0.7222757587827509,0
9,1003,0.6544633394886079,0.6553178266677828,0.6746111711702123,0,0.7399564449730038,0.7403061317483745,0,0,0.7302361761023421,0.7368719652174173,0
9,1004,0.6594362441011489,0.660264141391915,0.6801144562580785,0,0.750314166284078,0.7497911032995267,0,0,0.7939368849911913,0.791993760802473,0
9,1005,0.6553652513555169,0.6562090935811347,0.675598903363685,0,0.7416780633818689,0.7417925657389448,0,0,0.7441670952979036,0.7451158138083351,0
9,1006,0.6500835735504004,0.650857066940425,0.6695782840195849,0,0.7286552144038421,0.7282975495164489,0,0,0.6989188199352173,0.6999269760729654,0
9,1007,0.6525319827340151,0.653325957034109,0.6723476324150992,0,0.7343471029564967,0.7340361884869366,0,0,0.7404841457119107,0.7452234390305427,0
10,1000,0.6605714638741095,0.6605714638741095,0.6818805361398016,0,0.7596812066183972,0.7597901315502175,0,0,0.7702476375584613,0.7742814184893825,0
10,1001,0.6654491686868479,0.6654491686868479,0.6873647883878939,0,0.7718786507390004,0.771830513667985,0,0,0.7759894522477386,0.7741582164032698,0
10,1002,0.6583586152298702,0.6583586152298702,0.6795654195594927,0,0.7566978255416419,0.7584750177237954,0,0,0.7405568387842167,0.7412534486446449,0
10,1003,0.6659397801029764,0.6659397801029764,0.6879283463357515,0,0.7733082071049836,0.7733599802393137,0,0,0.7821916069708159,0.7845492396999167,0
10,1004,0.669382046383447,0.669382046383447,0.6917382667038965,0,0.7812324090018757,0.7805478769220741,0,0,0.7932374385872892,0.7974102237810918,0
10,1005,0.6648665743882393,0.6648665743882393,0.686722480528888,0,0.7705926777401427,0.7706884477491532,0,0,0.7557888489753053,0.7551144866524606,0
10,1006,0.6610529693238013,0.6610529693238013,0.6824599103867638,0,0.7614141164811221,0.7618646402436449,0,0,0.7815981680186157,0.7838722600126921,0
10,1007,0.6587821972324112,0.6587821972324112,0.6797514231872385,0,0.7536775758377934,0.7527885691193847,0,0,0.7509833151495902,0.7541307190960269,0
11,1000,0.5914310935970044,0.5921057285411844,0.6118280241928217,0,0.7022977285590833,0.7010962046091496,0,0,0.7058327607016505,0.7038661286220186,0
11,1001,0.5945891586082451,0.5953047162035219,0.6154395960079285,0,0.7122720607118509,0.7115399293108452,0,0,0.7152190670653749,0.7198475354002326,0
11,1002,0.5919566889336306,0.592551140442969,0.6122413212795766,0,0.7005136959641015,0.6974371500380044,0,0,0.6706975985855148,0.6715772530056096,0
11,1003,0.5962955173082837,0.5970410258964401,0.6174079144586625,0,0.7181313309747235,0.7178678939596579,0,0,0.71572010793657,0.7131196118495818,0
11,1004,0.5922147296696606,0.5930154842228518,0.6129745009968843,0,0.7094717837047587,0.7112074696206032,0,0,0.6722462644556554,0.6759797774318185,0
11,1005,0.5900906069083028,0.590781882601112,0.6103684519215399,0,0.6994826747555286,0.6988662451652577,0,0,0.7190647416015672,0.7123745469949313,0
11,1006,0.5917447130545878,0.5924657946600768,0.6122781625537331,0,0.7049697437899826,0.7048075800304248,0,0,0.6977185043208534,0.6949953557115773,0
11,1007,0.5943846198587635,0.5949920817803408,0.6149780835088877,0,0.70731780929009,0.7041009871097863,0,0,0.7671179782847354,0.7598199664670566,0
12,1000,0.4722401488117974,0.4722401488117974,0.48941562014006434,0,0.577811898808031,0.5754138953869871,0,0,0.5587512862990944,0.5574640855802182,0
12,1001,0.47039538224083394,0.47039538224083394,0.4874323984733222,0,0.574080812081875,0.572982755906763,0,0,0.5552097656877394,0.5547663842076146,0
12,1002,0.47373985681479874,0.47373985681479874,0.49108392205728724,0,0.5820485595419735,0.5792761385512404,0,0,0.6125545372685611,0.6098417930345005,0
12,1003,0.4713779021289598,0.4713779021289598,0.48867167079546814,0,0.579924727957044,0.5805401947229251,0,0,0.6166361518102975,0.6121776860182403,0
12,1004,0.46886193884733496,0.46886193884733496,0.48563985745956995,0,0.5681071748892991,0.5662827900833589,0,0,0.5737461716409078,0.5709021443505716,0
12,1005,0.46811587512099706,0.46811587512099706,0.4848857975736748,0,0.5675747000569653,0.5668375998626907,0,0,0.5691391985642645,0.5718677747160738,0
12,1006,0.47168617831670095,0.47168617831670095,0.4889420538479953,0,0.5792534272262714,0.5788225216183334,0,0,0.5601664653357517,0.5536662880324918,0
12,1007,0.46792845649149034,0.46792845649149034,0.4846393644125589,0,0.5663155587736294,0.5651536975184654,0,0,0.5898538490072872,0.592997337292604,0
13,1000,0.31153378619481853,0.3118011427730672,0.3233303773981071,0,0.3921527831898353,0.38791149224024624,0,0,0.36696978259008134,0.3641681903349364,0
13,1001,0.31026609469173333,0.3106497534130148,0.322211474319949,0,0.3957322336486152,0.39600925544145005,0,0,0.33869250919981936,0.3422616115153471,0
13,1002,0.3042941802164848,0.3046572601446481,0.315499090371553,0,0.3760172026877259,0.3767033283907602,0,0,0.37204985061264956,0.3799212897455424,0
13,1003,0.31047706564697275,0.31089443491477997,0.32253223703875195,0,0.3987205778198453,0.4003429942501881,0,0,0.40693128848993415,0.412306129117326,0
13,1004,0.3095648598805312,0.30990597941553305,0.32132155675129015,0,0.39070669361985183,0.389526791178636,0,0,0.3872461560111973,0.38569327283506116,0
13,1005,0.3033845125235234,0.30368882419812565,0.3143355666965634,0,0.37011832490021945,0.36903951155159903,0,0,0.37295996862662256,0.3745565496956136,0
13,1006,0.3055927739497203,0.305918701642527,0.3168531496970835,0,0.37770335414617845,0.37687604802736574,0,0,0.36045946759849307,0.3615527264728116,0
13,1007,0.30839294538846085,0.3087576950556901,0.32007449039130415,0,0.3885450074318641,0.3885012576289083,0,0,0.3622629720013569,0.36243690535965084,0
14,1000,0.1367974099827497,0.1367974099827497,0.14224623635952588,0,0.17950193907270903,0.17760666987344803,0,0,0.16830221127780073,0.16725122842314244,0
14,1001,0.13595965440878205,0.13595965440878205,0.14130514303556146,0,0.17639731494518854,0.17468254335894415,0,0,0.18784034070481756,0.18681148372863146,0
14,1002,0.13533737065507123,0.13533737065507123,0.14057937151223157,0,0.17343953214587468,0.1714600151587387,0,0,0.15330262922151855,0.15109489321440683,0
14,1003,0.13701820715125165,0.13701820715125165,0.14268881386915216,0,0.18658756349729394,0.1884103773754862,0,0,0.14610235278599137,0.15058355795784734,0
14,1004,0.13624876964608734,0.13624876964608734,0.14166438712991317,0,0.17845600428210603,0.17723296030457295,0,0,0.1648265557622984,0.16800827017363718,0
14,1005,0.1323260978876234,0.1323260978876234,0.13734133589106667,0,0.1667975629997127,0.1673868276485081,0,0,0.17724551796242993,0.18912642197071294,0
14,1006,0.1314216541912048,0.1314216541912048,0.13646250552165948,0,0.16713005128881686,0.17010315142612117,0,0,0.14645973378296348,0.1483221089685644,0
14,1007,0.13269264791972582,0.13269264791972582,0.13762707780017652,0,0.16502527019324592,0.16376790450395431,0,0,0.13141641217204533,0.13075243707291706,0
15,1000,-0.03776332204538426,-0.037859840350733476,-0.039468603259574325,0,-0.057619789673701946,-0.06310118069641935,0,0,-0.05582979164345448,-0.055490434931280044,0
15,1001,-0.03919275362430934,-0.039249022787334456,-0.04094515085138479,0,-0.05896282777077534,-0.05925253092501206,0,0,-0.05963739355103735,-0.06000231540709829,0
15,1002,-0.03987578120566529,-0.039943500033550974,-0.04174006085306262,0,-0.06465926796263811,-0.06578874843753586,0,0,-0.2926110809506584,-0.36466792932896414,0
15,1003,-0.03518178659941466,-0.03527704545237471,-0.03658658230528808,0,-0.046407868748485036,-0.05035971734673194,0,0,-0.04624185547034506,-0.05527538603030998,0
15,1004,-0.03868838279959893,-0.03873100696560275,-0.0403430445613517,0,-0.054781139573863366,-0.05430438110242217,0,0,-0.05091152632117626,-0.046136907023495696,0
15,1005,-0.03966452836463276,-0.03978512520842421,-0.041658539199644545,0,-0.0753772053735168,-0.08948811868253187,0,0,-0.05549962386493485,-0.07416212930408747,0
15,1006,-0.03992341437023325,-0.03995402269122937,-0.041685077138125866,0,-0.05878864685711585,-0.05684091428863115,0,0,-0.055757980959094594,-0.05356402813925528,0
15,1007,-0.0404611390873741,-0.04052711163406192,-0.042387634912372636,0,-0.0679952455654248,-0.06852663884543693,0,0,-0.12424152240041308,-0.11458628427353602,0
16,1000,-0.1853017982103991,-0.1853017982103991,-0.19322273750613234,0,-0.2624169136426708,-0.2635941600727538,0,0,-0.3186981275037832,-0.3059769604752743,0
16,1001,-0.1828126238364676,-0.1828126238364676,-0.19050549176400464,0,-0.254120885517528,-0.25752527374583306,0,0,-0.22019851961913375,-0.22632503597975184,0
16,1002,-0.182638016709831,-0.182638016709831,-0.19021858551484735,0,-0.25006901413479504,-0.25129544174051927,0,0,-0.1837181245174149,-0.18725786077799694,0
16,1003,-0.18133387570048176,-0.18133387570048176,-0.18873582793032992,0,-0.24403453471383135,-0.24500693020433031,0,0,-0.27981843830823955,-0.2795845239267739,0
16,1004,-0.18388141265803956,-0.18388141265803956,-0.1916108759996325,0,-0.25531471655018195,-0.25629265904486714,0,0,-0.24072302867692444,-0.2450961483148031,0
16,1005,-0.18575815035399457,-0.18575815035399457,-0.19373571226656422,0,-0.26458261097882996,-0.26569934579391136,0,0,-0.3082862250790485,-0.3108901171980734,0
16,1006,-0.18352094877201403,-0.18352094877201403,-0.19118883013205512,0,-0.25310006772947097,-0.2537333888963991,0,0,-0.26003883939019834,-0.2595518609268631,0
16,1007,-0.18566469921976692,-0.18566469921976692,-0.19352432596671756,0,-0.2598893832154046,-0.258502460975728,0,0,-0.28754767881114884,-0.28699686427970217,0
17,1000,-0.30350155281510194,-0.3038637459596618,-0.31689038874060316,0,-0.4488950117324594,-0.44953872118273563,0,0,-0.5038942793406077,-0.4945623332927763,0
17,1001,-0.3019627735720556,-0.302291637833119,-0.31506536266066953,0,-0.4365887223329449,-0.43511283275322826,0,0,-0.45751969473985166,-0.44947876296178874,0
17,1002,-0.3022386614107906,-0.30259062523897134,-0.3154489084038864,0,-0.44131074415426597,-0.441638305906834,0,0,-0.44027652958488056,-0.4561098787473477,0
17,1003,-0.3021281706239152,-0.30246220004769964,-0.31526673442131875,0,-0.43810720158062044,-0.4369720915699368,0,0,-0.4325212990386063,-0.42936311558444046,0
17,1004,-0.3026940927778974,-0.30306483043629917,-0.31601837159784657,0,-0.4463632143370789,-0.44816989228908766,0,0,-0.46485821577783015,-0.4818280203460246,0
17,1005,-0.3031401262896557,-0.30350747578914244,-0.31650444722009274,0,-0.44797107026445976,-0.4492597011173496,0,0,-0.448862075735914,-0.45263677805153263,0
17,1006,-0.300867904572598,-0.30121517164551515,-0.31390538517813427,0,-0.43430366658233027,-0.43484036472071064,0,0,-0.4586564428011186,-0.4586733240632231,0
17,1007,-0.3016648617077753,-0.30202699023216534,-0.3148426978139477,0,-0.4401728803574424,-0.441651392404141,0,0,-0.37976937251913945,-0.38988416496597583,0
18,1000,-0.38864460398580203,-0.38864460398580203,-0.4061160257500453,0,-0.5914572285098207,-0.5911404975156773,0,0,-0.6268563164511616,-0.6448493518541277,0
18,1001,-0.38989240228492844,-0.38989240228492844,-0.40744526854294605,0,-0.5946904157538007,-0.5917917990450889,0,0,-0.6458450702189511,-0.6279404827040116,0
18,1002,-0.38598331122311735,-0.38598331122311735,-0.4032019530619968,0,-0.5805140704375988,-0.5832080115385577,0,0,-0.6029425482011922,-0.6056347773068639,0
18,1003,-0.38861852095207156,-0.38861852095207156,-0.40602987498442245,0,-0.5883319926946481,-0.5863325673010398,0,0,-0.6437326281322076,-0.6381217542104567,0
18,1004,-0.38970537188601684,-0.38970537188601684,-0.40745610982797814,0,-0.605736428663209,-0.6099677430843702,0,0,-0.583565925045377,-0.5790264325442674,0
18,1005,-0.3889212718783899,-0.3889212718783899,-0.40646317479486976,0,-0.5949701536189507,-0.595695847270692,0,0,-0.619677644198571,-0.6192148693289947,0
18,1006,-0.38749295820333834,-0.38749295820333834,-0.4049124696643175,0,-0.5896889191483091,-0.5924993778711486,0,0,-0.6333234494075805,-0.6215428026793013,0
18,1007,-0.38829538611009773,-0.38829538611009773,-0.40576369531868534,0,-0.5915905684843606,-0.5926073533362244,0,0,-0.5882995679098699,-0.5888937282599939,0
19,1000,-0.4127771624045439,-0.41323545542960377,-0.4317797491096599,0,-0.6545507551221338,-0.6527518689201972,0,0,-0.6737405638825199,-0.6648085886008551,0
19,1001,-0.41273726809051275,-0.41318163859103385,-0.431684227661294,0,-0.6512017602544589,-0.6477761129643897,0,0,-0.6876753757223797,-0.6790109622230449,0
19,1002,-0.41070786426826433,-0.41115181344585217,-0.42942071512918867,0,-0.6398088485201506,-0.6377289764567039,0,0,-0.6392349601525881,-0.6420431085486004,0
19,1003,-0.41107036590539764,-0.41152344045731043,-0.4298582220903619,0,-0.6437700665678421,-0.642510926846206,0,0,-0.688142132607957,-0.6950990775635472,0
19,1004,-0.4131609280877579,-0.4136340986808817,-0.43226205081401775,0,-0.6601681521033833,-0.6599469505207981,0,0,-0.633320157731187,-0.6420992510463722,0
19,1005,-0.41027263632838296,-0.4107309484782087,-0.428988281887041,0,-0.6404819156343942,-0.6403583694198659,0,0,-0.6134887236030461,-0.6174548837268569,0
19,1006,-0.41070165895340355,-0.4111626580924542,-0.4294763227081904,0,-0.6434366201495347,-0.6433605945775738,0,0,-0.6513815165011319,-0.6379321544081049,0
19,1007,-0.41356621450500386,-0.41404531321353405,-0.4327355208793037,0,-0.6639259212096388,-0.6641806748750952,0,0,-0.6242201145116869,-0.6220172912032988,0
20,1000,-0.39752170024591255,-0.39752170024591255,-0.4163584656525009,0,-0.6664870962772539,-0.6684519752266486,0,0,-0.5993421630193952,-0.6013986045489562,0
20,1001,-0.3958982480549869,-0.3958982480549869,-0.4145527181506061,0,-0.6562269849280256,-0.6596106454736125,0,0,-0.7323294804562015,-0.7530122900852737,0
20,1002,-0.39601072735389214,-0.39601072735389214,-0.4146125067924221,0,-0.6523931792171715,-0.6530572396359383,0,0,-0.645501923140582,-0.6460534452491096,0
20,1003,-0.3963086757056339,-0.3963086757056339,-0.4149944627916853,0,-0.6577553112587908,-0.6601823659025309,0,0,-0.6968875040982951,-0.7027089757868658,0
20,1004,-0.398407376652035,-0.398407376652035,-0.4172711862703806,0,-0.6668893567323049,-0.6650896441188853,0,0,-0.6406819422998287,-0.6370180575077691,0
20,1005,-0.39583254201231244,-0.39583254201231244,-0.4144112368419384,0,-0.6510891700927013,-0.6517868500623741,0,0,-0.6164719056320699,-0.6165803550880042,0
20,1006,-0.3946879207654271,-0.3946879207654271,-0.41325130703000773,0,-0.651817392801746,-0.6580623254423998,0,0,-0.6369692240484659,-0.6571593644742709,0
20,1007,-0.39842721051054475,-0.39842721051054475,-0.4172346136771425,0,-0.6627970370383764,-0.6587255170242599,0,0,-0.5833944342885097,-0.5715257025439485,0
21,1000,-0.35437729234508797,-0.35476624292590947,-0.37145560516208376,0,-0.6172053180670973,-0.6145236869663352,0,0,-0.6105125078028533,-0.6156359391381406,0
21,1001,-0.35303482072982667,-0.3534315615121727,-0.3699909783669847,0,-0.6102859756159913,-0.6102932999461654,0,0,-0.63562271225222,-0.639623597820364,0
21,1002,-0.35282215914192605,-0.3532117309932639,-0.3697249819374524,0,-0.6064818248671501,-0.605454475610119,0,0,-0.6255989008394388,-0.6197061356112228,0
21,1003,-0.35471532517760335,-0.35512764612906955,-0.3719268464883713,0,-0.627660040486847,-0.628848280795864,0,0,-0.5754870233189107,-0.5796891621870627,0
21,1004,-0.3574019869802334,-0.3578040301925405,-0.37487946092741753,0,-0.6442495046693942,-0.6405365463028262,0,0,-0.5882586854868442,-0.5940437129193787,0
21,1005,-0.35331465159346614,-0.3536697662601865,-0.3701344905216818,0,-0.5989519097822398,-0.5919661234076984,0,0,-0.5508527059040095,-0.5502486442747858,0
21,1006,-0.3535451188674654,-0.3539428629082587,-0.3705637433906283,0,-0.6142164466056976,-0.6139062432709163,0,0,-0.5977569761819241,-0.5901770371808768,0
21,1007,-0.3544236345106217,-0.3548378595122868,-0.3716094690688921,0,-0.626168643250914,-0.628014583532892,0,0,-0.6078825107949151,-0.5921998743712305,0
22,1000,-0.270099344917558,-0.270099344917558,-0.28339340772344807,0,-0.4953726673780193,-0.49646913130603443,0,0,-0.5131232165089946,-0.511390148609445,0
22,1001,-0.26973175549096406,-0.26973175549096406,-0.28292324086712645,0,-0.48682130463901635,-0.48530759381555133,0,0,-0.47061397185171716,-0.4779016123285184,0
22,1002,-0.2702531831007166,-0.2702531831007166,-0.28350190232217687,0,-0.49067347506647135,-0.4884248264974838,0,0,-0.43904118816339777,-0.4589989015447808,0
22,1003,-0.27054182007693817,-0.27054182007693817,-0.2838909009405957,0,-0.4993863749661612,-0.500190929087963,0,0,-0.45630904382426285,-0.4577177108748629,0
22,1004,-0.2725591188577016,-0.2725591188577016,-0.28613697147065503,0,-0.5161367160827227,-0.5142202562627622,0,0,-0.4461832160070962,-0.44198887202650083,0
22,1005,-0.26755678912583747,-0.26755678912583747,-0.2803951847042544,0,-0.4618531506451134,-0.45812628450665216,0,0,-0.411827775176336,-0.40644429643100394,0
22,1006,-0.27038667378769304,-0.27038667378769304,-0.28369946059021184,0,-0.4963390351392449,-0.49635971176107635,0,0,-0.47537741628801217,-0.46153940032427165,0
22,1007,-0.27130212384212954,-0.27130212384212954,-0.28469282463558954,0,-0.501181674013199,-0.4987005327708303,0,0,-0.5277559060162688,-0.4950095403514636,0
23,1000,-0.1742461415035147,-0.17444977253469038,-0.18315375509981846,0,-0.35705380929064695,-0.35635590931408273,0,0,-0.37789267656261283,-0.35363045485561756,0
23,1001,-0.1752981025055648,-0.1754603139322165,-0.18414287010742453,0,-0.34433229477388655,-0.3320997012562235,0,0,-0.31918073567519634,-0.2956628801868986,0
23,1002,-0.17348799955962285,-0.17367780096541025,-0.18224777247955365,0,-0.3420061237922613,-0.3389559265409401,0,0,-0.28119417713353395,-0.27842179401636846,0
23,1003,-0.171112914307472,-0.1713298184259243,-0.17972093280743698,0,-0.3337344990182782,-0.3416447305085076,0,0,-0.3784484190736564,-0.38213461869690213,0
23,1004,-0.17517659413128103,-0.1753564834395085,-0.18408563015649798,0,-0.352822239639455,-0.34436119175898733,0,0,-0.3755055581775775,-0.37544975879192155,0
23,1005,-0.17271606952122878,-0.17286806786531506,-0.18122042647936487,0,-0.317217488998576,-0.3078032338962247,0,0,-0.31062933326333403,-0.2954193788136567,0
23,1006,-0.1727639898487025,-0.17296487181127962,-0.18148996553903335,0,-0.34098328506664255,-0.34196398425525143,0,0,-0.38154073706647834,-0.4036141345349572,0
23,1007,-0.17395195236305924,-0.1741498257938887,-0.18280046841085884,0,-0.35083106928081575,-0.3490585575314381,0,0,-0.45980274381947744,-0.46290902722733535,0
24,1000,-0.0776408709347156,-0.0776408709347156,-0.08180579887918599,0,-0.19155303283498343,-0.185262080678864,0,0,-0.1714761584861363,-0.1534628404788638,0
24,1001,-0.0755238338918226,-0.0755238338918226,-0.0794186201742574,0,-0.15953622953237628,-0.15744456199609905,0,0,-0.3352651494492888,-0.28501180775129464,0
24,1002,-0.07612272348701242,-0.07612272348701242,-0.08011734353027722,0,-0.17137546753666774,-0.17008300786233532,0,0,-0.13180160093045168,-0.1372087134549506,0
24,1003,-0.07361431775697014,-0.07361431775697014,-0.07738337455966324,0,-0.1515508383429799,-0.16004706718704276,0,0,-0.14066346936717514,-0.1562715373160121,0
24,1004,-0.07730116886620263,-0.07730116886620263,-0.08145123510502951,0,-0.1915433447214523,-0.188395311985572,0,0,-0.23970855728480175,-0.358649347264599,0
24,1005,-0.07432370791544222,-0.07432370791544222,-0.07811393227845552,0,-0.1512689824096403,-0.15363563498636712,0,0,-0.1637884390372995,-0.15016007155627673,0
24,1006,-0.075974095477229,-0.075974095477229,-0.07995258821579732,0,-0.16967402403469567,-0.1688178773470447,0,0,-0.1260141159136735,-0.10897670714415396,0
24,1007,-0.0777893301789439,-0.0777893301789439,-0.08192390149500578,0,-0.18400432797889485,-0.1742984889499606,0,0,-0.1778172114061164,-0.15885824262932913,0
25,1000,0.017244156825975167,0.017257006404858857,0.017904042736354882,0,0.02203926592972792,0.022222995711641238,0,0,0.011740995090575725,0.011461827520657945,0
25,1001,0.017511796990322407,0.017535412266998788,0.018253923617716054,0,0.02470882473598244,0.026298886681753696,0,0,0.05277902417205415,0.05785896127787622,0
25,1002,0.01781284811044551,0.017834175696889318,0.018578393379654782,0,0.02558373537130822,0.02678915316901675,0,0,0.19550459143330137,0.2441061162337579,0
25,1003,0.017864777652223246,0.017884696996857134,0.018629498386888124,0,0.02553283958179984,0.026493885912145188,0,0,0.019420361567678544,0.02730583936478067,0
25,1004,0.01811976745553,0.01813084178843783,0.01887117739935809,0,0.02494113050612391,0.024716323371709297,0,0,0.048868869867315964,0.041447545166566555,0
25,1005,0.019332558908620158,0.019339121535231305,0.020200886010146822,0,0.029469714326816242,0.027994083203050357,0,0,0.04111654528601225,0.0715492398631665,0
25,1006,0.01902637324790111,0.019043263693792938,0.019909277321453322,0,0.030781054071695565,0.030808397172269703,0,0,0.23675543662617077,1.3449448574543816,0
25,1007,0.01996880574594204,0.01998477299851748,0.020954957343189876,0,0.03703341071213377,0.035818932365690635,0,0,0.12581549498099043,0.11457985993842568,0
26,1000,0.09737497549429375,0.09737497549429375,0.10227650444630726,0,0.19089042067581324,0.1915595510623506,0,0,0.11566153909732582,0.11541996139199737,0
26,1001,0.09720383448111243,0.09720383448111243,0.10215364393066863,0,0.19734830749895818,0.20315122724986737,0,0,0.2492570779463062,0.2552036368113739,0
26,1002,0.09746648088511284,0.09746648088511284,0.10239720356713454,0,0.19395747887358206,0.19571259953060313,0,0,0.27426761025716895,0.2745760938287164,0
26,1003,0.09798976440114311,0.09798976440114311,0.10303421210565854,0,0.20625366376798537,0.21136948282969256,0,0,0.16351799774104703,0.15958018876090801,0
26,1004,0.09874957032935842,0.09874957032935842,0.10383956289908801,0,0.2088331552933939,0.20932047770214485,0,0,0.2815809131750735,0.24425940526150786,0
26,1005,0.0983810852656788,0.0983810852656788,0.1034485617659122,0,0.20753613495162546,0.21020212343202163,0,0,0.2727203792644689,0.3472321732550808,0
26,1006,0.09835388726310305,0.09835388726310305,0.10340375505189027,0,0.20524538141099596,0.20683914181945046,0,0,0.24119603957979363,0.2515512185276408,0
26,1007,0.09693279510087109,0.09693279510087109,0.10185340888538123,0,0.19484965833778528,0.2011283390962767,0,0,0.1940243538734184,0.19454316553401835,0
27,1000,0.15832339161547834,0.1581647424407609,0.16650933891749287,0,0.3388456968271578,0.33817981068840824,0,0,0.3675645065856523,0.37604511482682573,0
27,1001,0.15885496957412484,0.15868165198470466,0.16717652147555326,0,0.3567259908243816,0.3611210878150601,0,0,0.5083034989580237,0.47603148100791687,0
27,1002,0.1593166727034148,0.15914652950970706,0.167674779152079,0,0.3598844280274104,0.36177222195492464,0,0,0.3195105734041708,0.3797011281548003,0
27,1003,0.15803877931575688,0.15785824536476248,0.16630390092941663,0,0.35246600567365005,0.36208214732992255,0,0,0.3553367305799941,0.3689029150970542,0
27,1004,0.1598034267499869,0.1596326911493324,0.16822017511477919,0,0.36667741976161555,0.36765157957046246,0,0,0.38230742336173645,0.3908460804407041,0
27,1005,0.15986691525321287,0.15970631556242712,0.16823918654579292,0,0.35872451861445964,0.355259471191175,0,0,0.5592428896742104,0.5100083893428369,0
27,1006,0.15921859877749936,0.15904303807286094,0.1675931487363885,0,0.36327754360217007,0.36793644022004934,0,0,0.2913981024208251,0.29390315817336793,0
27,1007,0.15889914208488115,0.15871971829094453,0.1672569060685619,0,0.3624698754033306,0.36978137707758657,0,0,0.41064171730608223,0.5042879229492012,0
28,1000,0.19550645464383984,0.19550645464383984,0.20581152286408497,0,0.450583898550044,0.45165640283055486,0,0,0.49217633455090926,0.5056237694030395,0
28,1001,0.19592312083423485,0.19592312083423485,0.20634447234329553,0,0.4689598388748816,0.4755858482240985,0,0,0.34882029025362576,0.38013566330162113,0
28,1002,0.19632884124763045,0.19632884124763045,0.2067629443501569,0,0.46827583428548475,0.4703971792898569,0,0,0.5665774134507564,0.6110298031570591,0
28,1003,0.19600275325413075,0.19600275325413075,0.20641736943384698,0,0.46705893344210075,0.4718370345862029,0,0,0.4717505306806401,0.4857565033431744,0
28,1004,0.19754456603556056,0.19754456603556056,0.2080522722410579,0,0.47283929393438084,0.4654940102414809,0,0,0.4130458667866777,0.47486890118413,0
28,1005,0.19594111731034144,0.19594111731034144,0.20628827939963693,0,0.4550078885271019,0.4542781784904529,0,0,0.4933379230389032,0.49300277207042753,0
28,1006,0.19679798999562662,0.19679798999562662,0.20728978701387765,0,0.4758104382666351,0.47697552918859626,0,0,0.6012295145622634,0.597079643084396,0
28,1007,0.19649368632279843,0.19649368632279843,0.20699898829854638,0,0.4810202330329831,0.4880986455898729,0,0,0.3674098540945394,0.37220800985786784,0
29,1000,0.2093827527035014,0.20916094547904593,0.2206302756520336,0,0.5245992996930121,0.5278341332359681,0,0,0.6043240312897725,0.5982993633662552,0
29,1001,0.20940650542963526,0.2091802239963334,0.22068126401883495,0,0.5303226509451501,0.536259969714545,0,0,0.4711859594160565,0.46303622835532054,0
29,1002,0.20982901450175134,0.20961068860128462,0.22110841411063614,0,0.5274918962668629,0.5271926236375176,0,0,0.5056586268379225,0.4710541761973571,0
29,1003,0.20982507888741633,0.20958916010955975,0.22120045649648745,0,0.5493844080367757,0.560520539429838,0,0,0.4957868019997155,0.5750061989372638,0
29,1004,0.21116553563271942,0.2109539115184914,0.22256081776866574,0,0.5407080479641561,0.5318665090988074,0,0,0.5152541839868359,0.4957124084607422,0
29,1005,0.20859490553786555,0.20838117523568866,0.21970819540630543,0,0.5035580901487942,0.5046245718770895,0,0,0.3971693830965862,0.41720277873949585,0
29,1006,0.2095588779204282,0.2093334229567666,0.22084650577557538,0,0.5317755679902649,0.5366853030671369,0,0,0.6020513757646949,0.5720184154104602,0
29,1007,0.21004106994882468,0.20981646228679027,0.22137911448575862,0,0.5385915258338554,0.5413210827192546,0,0,0.4547186783265885,0.4744070493935735,0
30,1000,0.19988548017826727,0.19988548017826727,0.21074870262164513,0,0.5307904208777715,0.5339356630687943,0,0,0.677005022387906,0.6262643988819864,0
30,1001,0.1997749196289806,0.1997749196289806,0.21066794733567878,0,0.5395369046908025,0.5485587591856039,0,0,0.5339391041721178,0.5215484877995117,0
30,1002,0.20061731308382255,0.20061731308382255,0.21155252826747517,0,0.5409307573195437,0.5397313116226876,0,0,0.48335433129411826,0.46214513518755407,0
30,1003,0.2007694358799924,0.2007694358799924,0.21172984113139082,0,0.5457549523836384,0.5448242132461927,0,0,0.4773052779310593,0.4790394591852715,0
30,1004,0.20098941290053177,0.20098941290053177,0.21196627803820953,0,0.547520215747835,0.5446123883394951,0,0,0.6113577564071073,0.6040449758671127,0
30,1005,0.19962380659448625,0.19962380659448625,0.21043587994007895,0,0.5210735044055845,0.522710933031295,0,0,0.5206481228137334,0.5273447641482875,0
30,1006,0.20024678921276623,0.20024678921276623,0.21116249399623616,0,0.5400998255340986,0.5431865114145952,0,0,0.650906888025502,0.577312812255862,0
30,1007,0.20058839715445204,0.20058839715445204,0.2114936223525655,0,0.5335985641538091,0.5295244684880148,0,0,0.46006402261010126,0.4650049261145529,0
31,1000,0.1730495882529502,0.17286469586091838,0.18257552658708548,0,0.49314032378868017,0.49806971460753036,0,0,0.5068835440336197,0.5948289017978611,0
31,1001,0.17306874946821765,0.17288734221615318,0.18257645751634716,0,0.4876366045834402,0.4896183145380362,0,0,0.5298121493408702,0.5569455195171713,0
31,1002,0.1734577731531144,0.17327641725750262,0.18300957683365066,0,0.49538000940244137,0.49544668682161497,0,0,0.46847824856678955,0.43372767862281586,0
31,1003,0.1736454994393062,0.17347104096926436,0.18317831974585397,0,0.48741174749852195,0.48148495826399634,0,0,0.386756510348384,0.3934770096401046,0
31,1004,0.17438618209814025,0.17421282639516783,0.18399707087799097,0,0.500341937165062,0.48981230648061186,0,0,0.5367630517169363,0.578172625057058,0
31,1005,0.1721627330815337,0.17197720301870278,0.1815911966410839,0,0.4766216066889869,0.4859999826517625,0,0,0.7443833893990481,0.7027092516193716,0
31,1006,0.17363782542222428,0.17345966059465528,0.18319148292695125,0,0.49353629045906316,0.49027579366917495,0,0,0.6620009174560505,0.7404168796854997,0
31,1007,0.17322316118847048,0.17303861561634326,0.18276687638450592,0,0.4960940135141461,0.4999029763499617,0,0,0.44711929782095544,0.4739012861227229,0
32,1000,0.13176389129614238,0.13176389129614238,0.1390211569532731,0,0.37706535083256415,0.3704412684966709,0,0,0.25047809701106843,0.22959514380290752,0
32,1001,0.13178195668235998,0.13178195668235998,0.13914497150738633,0,0.41149023837157817,0.41973834120061815,0,0,0.46796335194303745,0.4333473048382345,0
32,1002,0.1323388360240391,0.1323388360240391,0.13964033010118682,0,0.38228434287657537,0.3701970392135983,0,0,0.42199383899862175,0.40852653771643477,0
32,1003,0.13232739954033734,0.13232739954033734,0.13970465462995854,0,0.4074890658310513,0.40466687771074905,0,0,0.3979516960159853,0.3523693118387137,0
32,1004,0.1323467275771729,0.1323467275771729,0.13971733706168504,0,0.40484179965656636,0.4006647802165643,0,0,0.5110259857827112,0.5823921395303981,0
32,1005,0.13033487080809497,0.13033487080809497,0.13750634628991745,0,0.3707803706401886,0.3817013720651891,0,0,0.548083962918151,0.48704817069444606,0
32,1006,0.1326630001543403,0.1326630001543403,0.14010715350940883,0,0.42626972598536594,0.4255557833631098,0,0,0.46678630732804915,0.48851375754436,0
32,1007,0.1318689790099479,0.1318689790099479,0.1391532178133061,0,0.3838163338601372,0.37836694125608406,0,0,0.3626523755177941,0.3163470253221852,0
33,1000,0.08190118333190297,0.08182365794667029,0.08640289459661629,0,0.23208882330727484,0.22899435678153887,0,0,0.35729870457199925,0.3351148367698707,0
33,1001,0.08233294533270309,0.0822483993001588,0.08692768329452856,0,0.25568725933531633,0.25612487680796653,0,0,0.4252874302502048,0.3496951165730135,0
33,1002,0.0821183214562516,0.0820372703975683,0.08666678517819776,0,0.24337607399102598,0.24189159829630125,0,0,0.2236472592842664,0.2764692792478805,0
33,1003,0.08298308027396659,0.08290488111850759,0.08761239964073697,0,0.2569353361812209,0.24779484483320932,0,0,0.15019919931208647,0.15119653144897918,0
33,1004,0.08303152714222094,0.08294097875208986,0.08774337703996835,0,0.28965065221538755,0.2917013368931752,0,0,0.1804363167287091,0.2939822581669588,0
33,1005,0.08129936171666878,0.08122379043281504,0.08572024117057195,0,0.21740328894892047,0.21573097854454704,0,0,0.2531004147421522,0.2302707154882437,0
33,1006,0.08374973105739604,0.08365972743078892,0.08854010610405748,0,0.3108278506779092,0.3054047751180625,0,0,0.2957391497170428,0.37615540682955423,0
33,1007,0.08225979964404526,0.08217584261203062,0.08684252148011061,0,0.25265437847290817,0.2529685834518618,0,0,0.26108697583878404,0.32477846185060905,0
34,1000,0.03267392585507673,0.03267392585507673,0.03443636554766988,0,0.08373197189298585,0.07883616495328662,0,0,0.023844693603890525,0.021510680975907217,0
34,1001,0.033204917389130666,0.033204917389130666,0.03506474731156966,0,0.1054824826838763,0.099997663646811,0,0,0.0880125845433499,0.10483215308299246,0
34,1002,0.03292069006219684,0.03292069006219684,0.03475347448212274,0,0.10072294601587996,0.09783656359611509,0,1,0.1304137776993781,0.21171246493185744,0
34,1003,0.032775874035484556,0.032775874035484556,0.034604526331548625,0,0.1017224979494937,0.10139861682462246,0,1,0.0716632000396024,,1
34,1004,0.0334121495611974,0.0334121495611974,0.03529818089676642,0,0.11185288605871517,0.10484719240857421,0,0,0.11011977468699687,0.12756718761589747,0
34,1005,0.03156374238605501,0.03156374238605501,0.033246598855228175,0,0.07678371511190744,0.08017405633195754,0,0,0.019121602970691178,0.01824067540150597,0
34,1006,0.033045146888114066,0.033045146888114066,0.03488491116148042,0,0.10102492222923924,0.09654688457431045,0,0,0.08846558070335225,0.09014500090441768,0
34,1007,0.03277725208740527,0.03277725208740527,0.03462885388529228,0,0.11062566424771696,0.1145540027683567,0,1,0.012479344800047356,0.059958934378823506,0
35,1000,-0.01612441545065827,-0.01610116688217792,-0.017122275625745358,0,-0.18102158895213252,-0.18710088109300382,0,0,-0.017213667100817932,-0.01533696292276976,0
35,1001,-0.01513066282838266,-0.015116658086749021,-0.015954093465485424,0,-0.04071136098114421,-0.04118922451463715,0,1,-0.019217124092874408,,1
35,1002,-0.015687710246978293,-0.0156648272543035,-0.016633362389771214,0,-0.10272723711014864,-0.13222836951557043,0,1,-0.0169232203461942,-0.04518188102454606,0
35,1003,-0.014924420321171382,-0.014903466588439917,-0.01577028881445235,0,-0.05030410424990563,-0.06672513173565317,0,1,-283.9382022053485,,1
35,1004,-0.015508504890198688,-0.015489972775701423,-0.01640495353525978,0,-0.06300297169189294,-0.06850964180033438,0,0,-0.26078354007444743,-0.2836189844179868,0
35,1005,-0.016428433413084795,-0.01640795062100175,-0.017442666345688525,0,-0.16584944807478108,-0.13989604548752974,0,0,-0.03521979622710931,-0.06016737648780312,0
35,1006,-0.015355040365469091,-0.015329759516212692,-0.016278620041780646,0,-0.09156400503774663,-0.16460804202750193,0,1,-0.7725047981847065,,1
35,1007,-0.015691334168778846,-0.0156727398990897,-0.01660903894855167,0,-0.07164735579283714,-0.07505479897052178,0,0,-0.0086516508013607,-0.08153330597595394,0
36,1000,-0.056924047397363405,-0.056924047397363405,-0.06021452494700176,0,-0.23241741959044768,-0.2354007512917801,0,0,-0.23381716293190913,-0.2738167235787431,0
36,1001,-0.05637077655543065,-0.05637077655543065,-0.05961395024023961,0,-0.22027530535195242,-0.23422151523378393,0,0,-0.10239230955131859,-0.16194472702729548,0
36,1002,-0.05706138653686371,-0.05706138653686371,-0.06035112880387963,0,-0.22752041192796105,-0.2249083185256218,0,0,-0.24480874456851906,-0.2578311604418754,0
36,1003,-0.05677824556732374,-0.05677824556732374,-0.060066525045430544,0,-0.2357485608786772,-0.24481859453997248,0,0,-0.47236920706764773,-0.4917692045761737,0
36,1004,-0.05697541940562122,-0.05697541940562122,-0.060223974889361716,0,-0.2068466304355759,-0.19980670678940618,0,0,-0.13264986803336629,-0.1716364215256456,0
36,1005,-0.05701472399378844,-0.05701472399378844,-0.060336294464567966,0,-0.2506857313817151,-0.25872435190958587,0,0,-0.056976351048227646,-0.05927024719225056,0
36,1006,-0.05665950906237721,-0.05665950906237721,-0.059929992365796075,0,-0.22816962089044068,-0.2372604470608021,0,0,-0.0644277715815612,-0.07248088106149932,0
36,1007,-0.057164126612624606,-0.057164126612624606,-0.060476616190076445,0,-0.23878908289278816,-0.23725189567448987,0,1,-1.4222672391399551,-1.5999670166178168,0
37,1000,-0.0864183171359958,-0.08632814149972824,-0.09142555264840142,0,-0.3616218873375619,-0.364341531990571,0,0,-0.184005439807806,-0.18864836910591454,0
37,1001,-0.08608383076484553,-0.08599887888177381,-0.09101643095899435,0,-0.32636910107337774,-0.3245472587939152,0,0,-0.6778314775075278,-0.5776657847177964,0
37,1002,-0.08637769149213344,-0.08628813331458209,-0.09137598088025001,0,-0.3570352504932836,-0.359158783526875,0,0,-0.09105751652338581,-0.08144891284467298,0
37,1003,-0.08603383247222625,-0.08594495377805403,-0.09098818311788619,0,-0.3403333217108962,-0.3454630212669867,0,0,-0.120567974293004,-0.12461983932366795,0
37,1004,-0.08614116150617299,-0.08605600287072081,-0.0910817408140605,0,-0.3292034619430702,-0.32704859937685427,0,1,-0.5133039103439452,-0.7217657167915823,0
37,1005,-0.08653823851423412,-0.08645001725471041,-0.09154548005989971,0,-0.35750100974525534,-0.3551695315516929,0,0,-0.13248705219124712,-0.16701719380741173,0
37,1006,-0.08622354051692215,-0.08613167749317253,-0.0912203725809201,0,-0.3612640187436341,-0.3699628395288898,0,0,-0.4135227330812727,-0.4817960262560372,0
37,1007,-0.0863574333889399,-0.08627094909697695,-0.09133192731632932,0,-0.34261032842572237,-0.33988578517112844,0,0,-0.1889813416256092,-0.23762851388275644,0
38,1000,-0.1061011095971565,-0.1061011095971565,-0.11224222040366887,0,-0.43990143673807797,-0.4352753627502123,0,0,-0.23173075739434662,-0.23399713556556972,0
38,1001,-0.10553004678385904,-0.10553004678385904,-0.11159533715910874,0,-0.41087403780847775,-0.4110403997181862,0,0,-0.7549659086394936,-0.6295039675729178,0
38,1002,-0.10595890499527424,-0.10595890499527424,-0.112114921920448,0,-0.4553072318456621,-0.46053188365053516,0,0,-0.36121800243224444,-0.38286643150471855,0
38,1003,-0.10554353959435467,-0.10554353959435467,-0.11161931218909944,0,-0.41667582401306524,-0.41874522280783527,0,0,-0.5961517740349515,-0.8769478680364582,0
38,1004,-0.10576377592724671,-0.10576377592724671,-0.11186226393177462,0,-0.42368158335799916,-0.42253450597646824,0,0,-0.5198849675868916,-0.5672620161840848,0
38,1005,-0.10597268851946301,-0.10597268851946301,-0.11210849938841588,0,-0.44082667227366346,-0.44013247582552056,0,0,-0.2705102505311319,-0.2552844505264574,0
38,1006,-0.10545700902791333,-0.10545700902791333,-0.11156831923506942,0,-0.4419943635897173,-0.457827546884932,0,0,-0.5030198876197784,-0.43425407487000134,0
38,1007,-0.10592987263987917,-0.10592987263987917,-0.11204568948950079,0,-0.4291948438160614,-0.42558181655507343,0,0,-0.3288504393764126,-0.35133690042555726,0
39,1000,-0.1121307412083714,-0.11202469243331144,-0.11861874676591683,0,-0.464534367269169,-0.4537236343122262,0,0,-0.5413992256643994,-0.7920372909324681,0
39,1001,-0.11163765803558306,-0.11152861458357209,-0.11809155053645345,0,-0.4589047802740317,-0.4597599483044106,0,0,-0.5597505748368429,-0.5057160669904949,0
39,1002,-0.11202020677069131,-0.11190884212319102,-0.11853478313780934,0,-0.4872806588211699,-0.4871220004577414,0,0,-0.9145370515292729,-0.7513186235934871,0
39,1003,-0.11158485799014718,-0.11147341822780445,-0.1180503894932166,0,-0.468449312445617,-0.4746948995039369,0,0,-0.434797546249054,-0.36506739590668946,0
39,1004,-0.11175884657213969,-0.11164904913711078,-0.11823210063170028,0,-0.4676523020479762,-0.468275545860921,0,0,-0.6708253479626459,-0.6541366188892648,0
39,1005,-0.11173795948582722,-0.11162594712398734,-0.1182251520051371,0,-0.4780421925093481,-0.48336113340692416,0,0,-0.3830803800399609,-0.42677245684388326,0
39,1006,-0.11175614805577087,-0.11164302580901803,-0.11825358963405345,0,-0.4847141793600179,-0.4921686440057396,0,0,-0.4774723348374714,-0.4735611779184861,0
39,1007,-0.112007042313389,-0.11189918424177894,-0.11849428481571983,0,-0.4684139196238903,-0.46215747339450264,0,0,-0.3632973970579046,-0.3389908158597004,0
40,1000,-0.10512263571792925,-0.10512263571792925,-0.11123914049826465,0,-0.45978008190389363,-0.45332095285187524,0,0,-0.500810635901833,-0.5592526668297169,0
40,1001,-0.10483863097660591,-0.10483863097660591,-0.11093096411811969,0,-0.4529778202309104,-0.4529057804538273,0,0,-0.49947017141902444,-0.47914625738781935,0
40,1002,-0.10491888287279584,-0.10491888287279584,-0.1109981645010457,0,-0.4407667733542322,-0.4342331429620372,0,0,-0.4946280414623584,-0.4255008133056627,0
40,1003,-0.10475290109180879,-0.10475290109180879,-0.11082749236942027,0,-0.44353632531650095,-0.44268972813660157,0,0,-0.33710265186698585,-0.6795642843009674,0
40,1004,-0.10476697329593294,-0.10476697329593294,-0.11087627398794357,0,-0.4684715948124331,-0.4767162313197577,0,0,-1.0190797063244494,-1.3649995549497123,0
40,1005,-0.1046809417637,-0.1046809417637,-0.11074499805593394,0,-0.43884869504849944,-0.43843624764704353,0,0,-0.6079734442307076,-0.5038700584630993,0
40,1006,-0.1050074537825751,-0.1050074537825751,-0.1111183581418754,0,-0.4601471751044616,-0.4573206414555412,0,0,-0.8667979921828933,-0.828865180521225,0
40,1007,-0.10474396190679995,-0.10474396190679995,-0.11082321391079665,0,-0.44713468653393396,-0.4478584085061907,0,0,-0.3079889366791682,-0.4083463893620152,0
