n,fold_seed,lambda_nominal,expectation_shot,seed_simulator
1,1000,1.0,-0.85693359375,9100
1,1000,1.5,-0.8367106119791666,9101
1,1000,2.0,-0.8284912109375,9102
1,1001,1.0,-0.8539632161458334,9110
1,1001,1.5,-0.837890625,9111
1,1001,2.0,-0.8287353515625,9112
1,1002,1.0,-0.8575846354166666,9120
1,1002,1.5,-0.8382161458333334,9121
1,1002,2.0,-0.8274739583333334,9122
1,1003,1.0,-0.8602294921875,9130
1,1003,1.5,-0.840087890625,9131
1,1003,2.0,-0.8316650390625,9132
1,1004,1.0,-0.8544921875,9140
1,1004,1.5,-0.8379720052083334,9141
1,1004,2.0,-0.8282470703125,9142
1,1005,1.0,-0.8565673828125,9150
1,1005,1.5,-0.8447265625,9151
1,1005,2.0,-0.8250325520833334,9152
1,1006,1.0,-0.8529052734375,9160
1,1006,1.5,-0.8394775390625,9161
1,1006,2.0,-0.8252360026041666,9162
1,1007,1.0,-0.8557535807291666,9170
1,1007,1.5,-0.8398030598958334,9171
1,1007,2.0,-0.8241780598958334,9172
2,1000,1.0,-0.6826985677083334,9200
2,1000,1.5,-0.6627197265625,9201
2,1000,2.0,-0.6273193359375,9202
2,1001,1.0,-0.6767985026041666,9210
2,1001,1.5,-0.6640625,9211
2,1001,2.0,-0.6338704427083334,9212
2,1002,1.0,-0.6822102864583334,9220
2,1002,1.5,-0.6599527994791666,9221
2,1002,2.0,-0.6374104817708334,9222
2,1003,1.0,-0.6753743489583334,9230
2,1003,1.5,-0.6517740885416666,9231
2,1003,2.0,-0.6358235677083334,9232
2,1004,1.0,-0.6779378255208334,9240
2,1004,1.5,-0.6539713541666666,9241
2,1004,2.0,-0.6383056640625,9242
2,1005,1.0,-0.6833089192708334,9250
2,1005,1.5,-0.6587727864583334,9251
2,1005,2.0,-0.6425374348958334,9252
2,1006,1.0,-0.6851399739583334,9260
2,1006,1.5,-0.6611735026041666,9261
2,1006,2.0,-0.6322021484375,9262
2,1007,1.0,-0.6797281901041666,9270
2,1007,1.5,-0.6568196614583334,9271
2,1007,2.0,-0.6333414713541666,9272
3,1000,1.0,-0.50830078125,9300
3,1000,1.5,-0.4916585286458333,9301
3,1000,2.0,-0.4612223307291667,9302
3,1001,1.0,-0.5088704427083334,9310
3,1001,1.5,-0.4887288411458333,9311
3,1001,2.0,-0.4698893229166667,9312
3,1002,1.0,-0.514892578125,9320
3,1002,1.5,-0.4873860677083333,9321
3,1002,2.0,-0.46240234375,9322
3,1003,1.0,-0.5143229166666666,9330
3,1003,1.5,-0.4866129557291667,9331
3,1003,2.0,-0.4615071614583333,9332
3,1004,1.0,-0.50830078125,9340
3,1004,1.5,-0.4946695963541667,9341
3,1004,2.0,-0.4658610026041667,9342
3,1005,1.0,-0.5093587239583334,9350
3,1005,1.5,-0.4883219401041667,9351
3,1005,2.0,-0.4670003255208333,9352
3,1006,1.0,-0.5112711588541666,9360
3,1006,1.5,-0.4850260416666667,9361
3,1006,2.0,-0.469482421875,9362
3,1007,1.0,-0.5098063151041666,9370
3,1007,1.5,-0.4881591796875,9371
3,1007,2.0,-0.4665934244791667,9372
4,1000,1.0,-0.25341796875,9400
4,1000,1.5,-0.23388671875,9401
4,1000,2.0,-0.23311360677083334,9402
4,1001,1.0,-0.2507731119791667,9410
4,1001,1.5,-0.23881022135416666,9411
4,1001,2.0,-0.22802734375,9412
4,1002,1.0,-0.24727376302083334,9420
4,1002,1.5,-0.253173828125,9421
4,1002,2.0,-0.22355143229166666,9422
4,1003,1.0,-0.2574055989583333,9430
4,1003,1.5,-0.2384033203125,9431
4,1003,2.0,-0.231689453125,9432
4,1004,1.0,-0.2496337890625,9440
4,1004,1.5,-0.23966471354166666,9441
4,1004,2.0,-0.2274169921875,9442
4,1005,1.0,-0.24922688802083334,9450
4,1005,1.5,-0.24727376302083334,9451
4,1005,2.0,-0.23128255208333334,9452
4,1006,1.0,-0.2578125,9460
4,1006,1.5,-0.22843424479166666,9461
4,1006,2.0,-0.22908528645833334,9462
4,1007,1.0,-0.2544759114583333,9470
4,1007,1.5,-0.2462158203125,9471
4,1007,2.0,-0.230712890625,9472
5,1000,1.0,-0.0303955078125,9500
5,1000,1.5,-0.022379557291666668,9501
5,1000,2.0,-0.0361328125,9502
5,1001,1.0,-0.03125,9510
5,1001,1.5,-0.036173502604166664,9511
5,1001,2.0,-0.042277018229166664,9512
5,1002,1.0,-0.031534830729166664,9520
5,1002,1.5,-0.037150065104166664,9521
5,1002,2.0,-0.044962565104166664,9522
5,1003,1.0,-0.023396809895833332,9530
5,1003,1.5,-0.027180989583333332,9531
5,1003,2.0,-0.0361328125,9532
5,1004,1.0,-0.034993489583333336,9540
5,1004,1.5,-0.0396728515625,9541
5,1004,2.0,-0.040730794270833336,9542
5,1005,1.0,-0.024658203125,9550
5,1005,1.5,-0.0341796875,9551
5,1005,2.0,-0.034464518229166664,9552
5,1006,1.0,-0.027180989583333332,9560
5,1006,1.5,-0.027628580729166668,9561
5,1006,2.0,-0.031982421875,9562
5,1007,1.0,-0.026814778645833332,9570
5,1007,1.5,-0.036051432291666664,9571
5,1007,2.0,-0.038736979166666664,9572
6,1000,1.0,0.17179361979166666,9600
6,1000,1.5,0.1524658203125,9601
6,1000,2.0,0.12093098958333333,9602
6,1001,1.0,0.16410319010416666,9610
6,1001,1.5,0.14363606770833334,9611
6,1001,2.0,0.12569173177083334,9612
6,1002,1.0,0.16361490885416666,9620
6,1002,1.5,0.13529459635416666,9621
6,1002,2.0,0.1180419921875,9622
6,1003,1.0,0.16788736979166666,9630
6,1003,1.5,0.14619954427083334,9631
6,1003,2.0,0.11442057291666667,9632
6,1004,1.0,0.16239420572916666,9640
6,1004,1.5,0.147216796875,9641
6,1004,2.0,0.11482747395833333,9642
6,1005,1.0,0.16141764322916666,9650
6,1005,1.5,0.14290364583333334,9651
6,1005,2.0,0.12723795572916666,9652
6,1006,1.0,0.16776529947916666,9660
6,1006,1.5,0.14278157552083334,9661
6,1006,2.0,0.11376953125,9662
6,1007,1.0,0.16556803385416666,9670
6,1007,1.5,0.13899739583333334,9671
6,1007,2.0,0.1136474609375,9672
7,1000,1.0,0.3424886067708333,9700
7,1000,1.5,0.29052734375,9701
7,1000,2.0,0.24552408854166666,9702
7,1001,1.0,0.3489990234375,9710
7,1001,1.5,0.2933756510416667,9711
7,1001,2.0,0.2539876302083333,9712
7,1002,1.0,0.3414713541666667,9720
7,1002,1.5,0.2908121744791667,9721
7,1002,2.0,0.2476806640625,9722
7,1003,1.0,0.3363850911458333,9730
7,1003,1.5,0.2993977864583333,9731
7,1003,2.0,0.2484130859375,9732
7,1004,1.0,0.3489990234375,9740
7,1004,1.5,0.2860107421875,9741
7,1004,2.0,0.23649088541666666,9742
7,1005,1.0,0.3485107421875,9750
7,1005,1.5,0.2840576171875,9751
7,1005,2.0,0.2427978515625,9752
7,1006,1.0,0.3349609375,9760
7,1006,1.5,0.2890218098958333,9761
7,1006,2.0,0.24967447916666666,9762
7,1007,1.0,0.3420003255208333,9770
7,1007,1.5,0.292724609375,9771
7,1007,2.0,0.24556477864583334,9772
8,1000,1.0,0.4474283854166667,9800
8,1000,1.5,0.3662109375,9801
8,1000,2.0,0.2996012369791667,9802
8,1001,1.0,0.4329427083333333,9810
8,1001,1.5,0.3644205729166667,9811
8,1001,2.0,0.3157958984375,9812
8,1002,1.0,0.440673828125,9820
8,1002,1.5,0.3723551432291667,9821
8,1002,2.0,0.2993570963541667,9822
8,1003,1.0,0.435302734375,9830
8,1003,1.5,0.36572265625,9831
8,1003,2.0,0.3109944661458333,9832
8,1004,1.0,0.444091796875,9840
8,1004,1.5,0.3619384765625,9841
8,1004,2.0,0.3045247395833333,9842
8,1005,1.0,0.4395751953125,9850
8,1005,1.5,0.3652750651041667,9851
8,1005,2.0,0.2987874348958333,9852
8,1006,1.0,0.439697265625,9860
8,1006,1.5,0.3637288411458333,9861
8,1006,2.0,0.3065592447916667,9862
8,1007,1.0,0.440673828125,9870
8,1007,1.5,0.3604736328125,9871
8,1007,2.0,0.2984619140625,9872
9,1000,1.0,0.4927164713541667,9900
9,1000,1.5,0.4053548177083333,9901
9,1000,2.0,0.3236490885416667,9902
9,1001,1.0,0.4901123046875,9910
9,1001,1.5,0.40087890625,9911
9,1001,2.0,0.33056640625,9912
9,1002,1.0,0.49169921875,9920
9,1002,1.5,0.4121907552083333,9921
9,1002,2.0,0.3345540364583333,9922
9,1003,1.0,0.4990234375,9930
9,1003,1.5,0.3914794921875,9931
9,1003,2.0,0.3387044270833333,9932
9,1004,1.0,0.5017496744791666,9940
9,1004,1.5,0.40380859375,9941
9,1004,2.0,0.3175048828125,9942
9,1005,1.0,0.4945475260416667,9950
9,1005,1.5,0.4003092447916667,9951
9,1005,2.0,0.328369140625,9952
9,1006,1.0,0.49072265625,9960
9,1006,1.5,0.4073893229166667,9961
9,1006,2.0,0.3440755208333333,9962
9,1007,1.0,0.4988606770833333,9970
9,1007,1.5,0.3949788411458333,9971
9,1007,2.0,0.3345540364583333,9972
10,1000,1.0,0.4935709635416667,10000
10,1000,1.5,0.3848470052083333,10001
10,1000,2.0,0.3153889973958333,10002
10,1001,1.0,0.491455078125,10010
10,1001,1.5,0.3957926432291667,10011
10,1001,2.0,0.3116455078125,10012
10,1002,1.0,0.4860432942708333,10020
10,1002,1.5,0.3917643229166667,10021
10,1002,2.0,0.3188069661458333,10022
10,1003,1.0,0.4942626953125,10030
10,1003,1.5,0.3871256510416667,10031
10,1003,2.0,0.3118489583333333,10032
10,1004,1.0,0.4967041015625,10040
10,1004,1.5,0.38330078125,10041
10,1004,2.0,0.3102620442708333,10042
10,1005,1.0,0.487060546875,10050
10,1005,1.5,0.392822265625,10051
10,1005,2.0,0.3140462239583333,10052
10,1006,1.0,0.4931233723958333,10060
10,1006,1.5,0.3861490885416667,10061
10,1006,2.0,0.3106689453125,10062
10,1007,1.0,0.4891357421875,10070
10,1007,1.5,0.3861897786458333,10071
10,1007,2.0,0.3177897135416667,10072
11,1000,1.0,0.42822265625,10100
11,1000,1.5,0.3378499348958333,10101
11,1000,2.0,0.2600911458333333,10102
11,1001,1.0,0.4301350911458333,10110
11,1001,1.5,0.3242594401041667,10111
11,1001,2.0,0.2580973307291667,10112
11,1002,1.0,0.4208577473958333,10120
11,1002,1.5,0.3312581380208333,10121
11,1002,2.0,0.263916015625,10122
11,1003,1.0,0.4255777994791667,10130
11,1003,1.5,0.33349609375,10131
11,1003,2.0,0.2533772786458333,10132
11,1004,1.0,0.4241129557291667,10140
11,1004,1.5,0.3279215494791667,10141
11,1004,2.0,0.266845703125,10142
11,1005,1.0,0.4252522786458333,10150
11,1005,1.5,0.3409423828125,10151
11,1005,2.0,0.2523193359375,10152
11,1006,1.0,0.423583984375,10160
11,1006,1.5,0.3360595703125,10161
11,1006,2.0,0.257568359375,10162
11,1007,1.0,0.438232421875,10170
11,1007,1.5,0.3446858723958333,10171
11,1007,2.0,0.2509765625,10172
12,1000,1.0,0.3299153645833333,10200
12,1000,1.5,0.2560628255208333,10201
12,1000,2.0,0.1949462890625,10202
12,1001,1.0,0.3276774088541667,10210
12,1001,1.5,0.2526041666666667,10211
12,1001,2.0,0.19344075520833334,10212
12,1002,1.0,0.3382161458333333,10220
12,1002,1.5,0.2556559244791667,10221
12,1002,2.0,0.1868896484375,10222
12,1003,1.0,0.3380126953125,10230
12,1003,1.5,0.25732421875,10231
12,1003,2.0,0.18550618489583334,10232
12,1004,1.0,0.330810546875,10240
12,1004,1.5,0.2564697265625,10241
12,1004,2.0,0.19099934895833334,10242
12,1005,1.0,0.3337809244791667,10250
12,1005,1.5,0.2505289713541667,10251
12,1005,2.0,0.19547526041666666,10252
12,1006,1.0,0.3221435546875,10260
12,1006,1.5,0.2567138671875,10261
12,1006,2.0,0.18587239583333334,10262
12,1007,1.0,0.3382568359375,10270
12,1007,1.5,0.250732421875,10271
12,1007,2.0,0.1937255859375,10272
13,1000,1.0,0.20857747395833334,10300
13,1000,1.5,0.16227213541666666,10301
13,1000,2.0,0.1187744140625,10302
13,1001,1.0,0.20829264322916666,10310
13,1001,1.5,0.15576171875,10311
13,1001,2.0,0.1275634765625,10312
13,1002,1.0,0.2198486328125,10320
13,1002,1.5,0.1551513671875,10321
13,1002,2.0,0.129150390625,10322
13,1003,1.0,0.21756998697916666,10330
13,1003,1.5,0.15193684895833334,10331
13,1003,2.0,0.11617024739583333,10332
13,1004,1.0,0.2156982421875,10340
13,1004,1.5,0.16353352864583334,10341
13,1004,2.0,0.1202392578125,10342
13,1005,1.0,0.21919759114583334,10350
13,1005,1.5,0.1650390625,10351
13,1005,2.0,0.128662109375,10352
13,1006,1.0,0.21553548177083334,10360
13,1006,1.5,0.16446940104166666,10361
13,1006,2.0,0.12874348958333334,10362
13,1007,1.0,0.21040852864583334,10370
13,1007,1.5,0.1600341796875,10371
13,1007,2.0,0.1221923828125,10372
14,1000,1.0,0.09407552083333333,10400
14,1000,1.5,0.07210286458333333,10401
14,1000,2.0,0.052652994791666664,10402
14,1001,1.0,0.09444173177083333,10410
14,1001,1.5,0.06819661458333333,10411
14,1001,2.0,0.0474853515625,10412
14,1002,1.0,0.08870442708333333,10420
14,1002,1.5,0.07185872395833333,10421
14,1002,2.0,0.051554361979166664,10422
14,1003,1.0,0.0885009765625,10430
14,1003,1.5,0.060709635416666664,10431
14,1003,2.0,0.0531005859375,10432
14,1004,1.0,0.09468587239583333,10440
14,1004,1.5,0.06660970052083333,10441
14,1004,2.0,0.054158528645833336,10442
14,1005,1.0,0.09639485677083333,10450
14,1005,1.5,0.0574951171875,10451
14,1005,2.0,0.052083333333333336,10452
14,1006,1.0,0.09122721354166667,10460
14,1006,1.5,0.06791178385416667,10461
14,1006,2.0,0.0565185546875,10462
14,1007,1.0,0.08426920572916667,10470
14,1007,1.5,0.06929524739583333,10471
14,1007,2.0,0.05419921875,10472
15,1000,1.0,-0.027547200520833332,10500
15,1000,1.5,-0.019734700520833332,10501
15,1000,2.0,-0.013590494791666666,10502
15,1001,1.0,-0.028076171875,10510
15,1001,1.5,-0.0189208984375,10511
15,1001,2.0,-0.013224283854166666,10512
15,1002,1.0,-0.035359700520833336,10520
15,1002,1.5,-0.010050455729166666,10521
15,1002,2.0,-0.004842122395833333,10522
15,1003,1.0,-0.023763020833333332,10530
15,1003,1.5,-0.0106201171875,10531
15,1003,2.0,-0.012166341145833334,10532
15,1004,1.0,-0.022664388020833332,10540
15,1004,1.5,-0.021769205729166668,10541
15,1004,2.0,-0.009765625,10542
15,1005,1.0,-0.029012044270833332,10550
15,1005,1.5,-0.010213216145833334,10551
15,1005,2.0,-0.015055338541666666,10552
15,1006,1.0,-0.026896158854166668,10560
15,1006,1.5,-0.021402994791666668,10561
15,1006,2.0,-0.012939453125,10562
15,1007,1.0,-0.024658203125,10570
15,1007,1.5,-0.016031901041666668,10571
15,1007,2.0,-0.0015462239583333333,10572
16,1000,1.0,-0.12373860677083333,10600
16,1000,1.5,-0.08540852864583333,10601
16,1000,2.0,-0.04736328125,10602
16,1001,1.0,-0.11714680989583333,10610
16,1001,1.5,-0.077880859375,10611
16,1001,2.0,-0.062174479166666664,10612
16,1002,1.0,-0.11446126302083333,10620
16,1002,1.5,-0.08284505208333333,10621
16,1002,2.0,-0.07076009114583333,10622
16,1003,1.0,-0.1280517578125,10630
16,1003,1.5,-0.08683268229166667,10631
16,1003,2.0,-0.05859375,10632
16,1004,1.0,-0.12353515625,10640
16,1004,1.5,-0.08345540364583333,10641
16,1004,2.0,-0.0633544921875,10642
16,1005,1.0,-0.13260904947916666,10650
16,1005,1.5,-0.0850830078125,10651
16,1005,2.0,-0.05712890625,10652
16,1006,1.0,-0.12211100260416667,10660
16,1006,1.5,-0.08414713541666667,10661
16,1006,2.0,-0.057332356770833336,10662
16,1007,1.0,-0.12662760416666666,10670
16,1007,1.5,-0.08447265625,10671
16,1007,2.0,-0.055745442708333336,10672
17,1000,1.0,-0.20552571614583334,10700
17,1000,1.5,-0.1376953125,10701
17,1000,2.0,-0.08341471354166667,10702
17,1001,1.0,-0.19453938802083334,10710
17,1001,1.5,-0.133056640625,10711
17,1001,2.0,-0.0823974609375,10712
17,1002,1.0,-0.20792643229166666,10720
17,1002,1.5,-0.12935384114583334,10721
17,1002,2.0,-0.09842936197916667,10722
17,1003,1.0,-0.19376627604166666,10730
17,1003,1.5,-0.13240559895833334,10731
17,1003,2.0,-0.08671061197916667,10732
17,1004,1.0,-0.203369140625,10740
17,1004,1.5,-0.12272135416666667,10741
17,1004,2.0,-0.08943684895833333,10742
17,1005,1.0,-0.20170084635416666,10750
17,1005,1.5,-0.13212076822916666,10751
17,1005,2.0,-0.09073893229166667,10752
17,1006,1.0,-0.20100911458333334,10760
17,1006,1.5,-0.133056640625,10761
17,1006,2.0,-0.08809407552083333,10762
17,1007,1.0,-0.19449869791666666,10770
17,1007,1.5,-0.12797037760416666,10771
17,1007,2.0,-0.09952799479166667,10772
18,1000,1.0,-0.24894205729166666,10800
18,1000,1.5,-0.14693196614583334,10801
18,1000,2.0,-0.09952799479166667,10802
18,1001,1.0,-0.2509765625,10810
18,1001,1.5,-0.16764322916666666,10811
18,1001,2.0,-0.09663899739583333,10812
18,1002,1.0,-0.26025390625,10820
18,1002,1.5,-0.16898600260416666,10821
18,1002,2.0,-0.1124267578125,10822
18,1003,1.0,-0.2583414713541667,10830
18,1003,1.5,-0.167236328125,10831
18,1003,2.0,-0.10343424479166667,10832
18,1004,1.0,-0.24186197916666666,10840
18,1004,1.5,-0.15885416666666666,10841
18,1004,2.0,-0.10005696614583333,10842
18,1005,1.0,-0.2515462239583333,10850
18,1005,1.5,-0.16056315104166666,10851
18,1005,2.0,-0.10209147135416667,10852
18,1006,1.0,-0.253173828125,10860
18,1006,1.5,-0.16776529947916666,10861
18,1006,2.0,-0.10066731770833333,10862
18,1007,1.0,-0.2445068359375,10870
18,1007,1.5,-0.1572265625,10871
18,1007,2.0,-0.10164388020833333,10872
19,1000,1.0,-0.2621663411458333,10900
19,1000,1.5,-0.16886393229166666,10901
19,1000,2.0,-0.10160319010416667,10902
19,1001,1.0,-0.2643229166666667,10910
19,1001,1.5,-0.16886393229166666,10911
19,1001,2.0,-0.1011962890625,10912
19,1002,1.0,-0.2647298177083333,10920
19,1002,1.5,-0.16849772135416666,10921
19,1002,2.0,-0.1097412109375,10922
19,1003,1.0,-0.2713216145833333,10930
19,1003,1.5,-0.1663818359375,10931
19,1003,2.0,-0.10725911458333333,10932
19,1004,1.0,-0.2576904296875,10940
19,1004,1.5,-0.15897623697916666,10941
19,1004,2.0,-0.10518391927083333,10942
19,1005,1.0,-0.2620849609375,10950
19,1005,1.5,-0.16845703125,10951
19,1005,2.0,-0.11210123697916667,10952
19,1006,1.0,-0.2630208333333333,10960
19,1006,1.5,-0.17622884114583334,10961
19,1006,2.0,-0.1055908203125,10962
19,1007,1.0,-0.2616373697916667,10970
19,1007,1.5,-0.17093912760416666,10971
19,1007,2.0,-0.10957845052083333,10972
20,1000,1.0,-0.247314453125,11000
20,1000,1.5,-0.15751139322916666,11001
20,1000,2.0,-0.10213216145833333,11002
20,1001,1.0,-0.256591796875,11010
20,1001,1.5,-0.14351399739583334,11011
20,1001,2.0,-0.09073893229166667,11012
20,1002,1.0,-0.2556559244791667,11020
20,1002,1.5,-0.16056315104166666,11021
20,1002,2.0,-0.10127766927083333,11022
20,1003,1.0,-0.2543131510416667,11030
20,1003,1.5,-0.15087890625,11031
20,1003,2.0,-0.09305826822916667,11032
20,1004,1.0,-0.24971516927083334,11040
20,1004,1.5,-0.15804036458333334,11041
20,1004,2.0,-0.09716796875,11042
20,1005,1.0,-0.24361165364583334,11050
20,1005,1.5,-0.153076171875,11051
20,1005,2.0,-0.09627278645833333,11052
20,1006,1.0,-0.2467041015625,11060
20,1006,1.5,-0.14314778645833334,11061
20,1006,2.0,-0.0963134765625,11062
20,1007,1.0,-0.23514811197916666,11070
20,1007,1.5,-0.15726725260416666,11071
20,1007,2.0,-0.09423828125,11072
21,1000,1.0,-0.22074381510416666,11100
21,1000,1.5,-0.13037109375,11101
21,1000,2.0,-0.08003743489583333,11102
21,1001,1.0,-0.22501627604166666,11110
21,1001,1.5,-0.13212076822916666,11111
21,1001,2.0,-0.079833984375,11112
21,1002,1.0,-0.21183268229166666,11120
21,1002,1.5,-0.12569173177083334,11121
21,1002,2.0,-0.07145182291666667,11122
21,1003,1.0,-0.21382649739583334,11130
21,1003,1.5,-0.12825520833333334,11131
21,1003,2.0,-0.07963053385416667,11132
21,1004,1.0,-0.21846516927083334,11140
21,1004,1.5,-0.13028971354166666,11141
21,1004,2.0,-0.08138020833333333,11142
21,1005,1.0,-0.2135009765625,11150
21,1005,1.5,-0.13326009114583334,11151
21,1005,2.0,-0.08272298177083333,11152
21,1006,1.0,-0.22208658854166666,11160
21,1006,1.5,-0.13936360677083334,11161
21,1006,2.0,-0.0821533203125,11162
21,1007,1.0,-0.21284993489583334,11170
21,1007,1.5,-0.13334147135416666,11171
21,1007,2.0,-0.07373046875,11172
22,1000,1.0,-0.16044108072916666,11200
22,1000,1.5,-0.09029134114583333,11201
22,1000,2.0,-0.050089518229166664,11202
22,1001,1.0,-0.16422526041666666,11210
22,1001,1.5,-0.093994140625,11211
22,1001,2.0,-0.0576171875,11212
22,1002,1.0,-0.16483561197916666,11220
22,1002,1.5,-0.09183756510416667,11221
22,1002,2.0,-0.0626220703125,11222
22,1003,1.0,-0.15974934895833334,11230
22,1003,1.5,-0.09391276041666667,11231
22,1003,2.0,-0.055989583333333336,11232
22,1004,1.0,-0.15555826822916666,11240
22,1004,1.5,-0.09370930989583333,11241
22,1004,2.0,-0.054036458333333336,11242
22,1005,1.0,-0.16536458333333334,11250
22,1005,1.5,-0.1082763671875,11251
22,1005,2.0,-0.066162109375,11252
22,1006,1.0,-0.161865234375,11260
22,1006,1.5,-0.1005859375,11261
22,1006,2.0,-0.054402669270833336,11262
22,1007,1.0,-0.15755208333333334,11270
22,1007,1.5,-0.09765625,11271
22,1007,2.0,-0.045206705729166664,11272
23,1000,1.0,-0.10628255208333333,11300
23,1000,1.5,-0.06380208333333333,11301
23,1000,2.0,-0.028605143229166668,11302
23,1001,1.0,-0.09745279947916667,11310
23,1001,1.5,-0.06302897135416667,11311
23,1001,2.0,-0.0283203125,11312
23,1002,1.0,-0.09932454427083333,11320
23,1002,1.5,-0.060302734375,11321
23,1002,2.0,-0.034952799479166664,11322
23,1003,1.0,-0.1065673828125,11330
23,1003,1.5,-0.055623372395833336,11331
23,1003,2.0,-0.0301513671875,11332
23,1004,1.0,-0.10201009114583333,11340
23,1004,1.5,-0.053181966145833336,11341
23,1004,2.0,-0.0277099609375,11342
23,1005,1.0,-0.096923828125,11350
23,1005,1.5,-0.059895833333333336,11351
23,1005,2.0,-0.0294189453125,11352
23,1006,1.0,-0.11140950520833333,11360
23,1006,1.5,-0.054768880208333336,11361
23,1006,2.0,-0.033284505208333336,11362
23,1007,1.0,-0.11808268229166667,11370
23,1007,1.5,-0.0592041015625,11371
23,1007,2.0,-0.030436197916666668,11372
24,1000,1.0,-0.039306640625,11400
24,1000,1.5,-0.022664388020833332,11401
24,1000,2.0,-0.008097330729166666,11402
24,1001,1.0,-0.046427408854166664,11410
24,1001,1.5,-0.021240234375,11411
24,1001,2.0,-0.004964192708333333,11412
24,1002,1.0,-0.0399169921875,11420
24,1002,1.5,-0.020467122395833332,11421
24,1002,2.0,-0.012288411458333334,11422
24,1003,1.0,-0.040934244791666664,11430
24,1003,1.5,-0.018636067708333332,11431
24,1003,2.0,-0.012369791666666666,11432
24,1004,1.0,-0.0421142578125,11440
24,1004,1.5,-0.01171875,11441
24,1004,2.0,-0.008504231770833334,11442
24,1005,1.0,-0.044718424479166664,11450
24,1005,1.5,-0.027506510416666668,11451
24,1005,2.0,-0.011433919270833334,11452
24,1006,1.0,-0.0369873046875,11460
24,1006,1.5,-0.028401692708333332,11461
24,1006,2.0,-0.009114583333333334,11462
24,1007,1.0,-0.04248046875,11470
24,1007,1.5,-0.0252685546875,11471
24,1007,2.0,-0.009114583333333334,11472
25,1000,1.0,0.009073893229166666,11500
25,1000,1.5,0.0106201171875,11501
25,1000,2.0,0.007527669270833333,11502
25,1001,1.0,0.009358723958333334,11510
25,1001,1.5,0.0035400390625,11511
25,1001,2.0,0.0017496744791666667,11512
25,1002,1.0,0.0106201171875,11520
25,1002,1.5,0.0021158854166666665,11521
25,1002,2.0,0.0006917317708333334,11522
25,1003,1.0,0.015177408854166666,11530
25,1003,1.5,0.0018310546875,11531
25,1003,2.0,0.011067708333333334,11532
25,1004,1.0,0.0126953125,11540
25,1004,1.5,0.009562174479166666,11541
25,1004,2.0,0.00244140625,11542
25,1005,1.0,0.015055338541666666,11550
25,1005,1.5,0.00390625,11551
25,1005,2.0,0.005818684895833333,11552
25,1006,1.0,0.013427734375,11560
25,1006,1.5,0.0011393229166666667,11561
25,1006,2.0,0.0011393229166666667,11562
25,1007,1.0,0.013753255208333334,11570
25,1007,1.5,0.0050048828125,11571
25,1007,2.0,0.0013427734375,11572
26,1000,1.0,0.048665364583333336,11600
26,1000,1.5,0.03173828125,11601
26,1000,2.0,0.020467122395833332,11602
26,1001,1.0,0.0670166015625,11610
26,1001,1.5,0.033447265625,11611
26,1001,2.0,0.018229166666666668,11612
26,1002,1.0,0.058797200520833336,11620
26,1002,1.5,0.027180989583333332,11621
26,1002,2.0,0.012613932291666666,11622
26,1003,1.0,0.054402669270833336,11630
26,1003,1.5,0.032999674479166664,11631
26,1003,2.0,0.017903645833333332,11632
26,1004,1.0,0.06571451822916667,11640
26,1004,1.5,0.0411376953125,11641
26,1004,2.0,0.012939453125,11642
26,1005,1.0,0.06612141927083333,11650
26,1005,1.5,0.023763020833333332,11651
26,1005,2.0,0.017374674479166668,11652
26,1006,1.0,0.0584716796875,11660
26,1006,1.5,0.027058919270833332,11661
26,1006,2.0,0.014485677083333334,11662
26,1007,1.0,0.057820638020833336,11670
26,1007,1.5,0.031412760416666664,11671
26,1007,2.0,0.017252604166666668,11672
27,1000,1.0,0.08939615885416667,11700
27,1000,1.5,0.0426025390625,11701
27,1000,2.0,0.022013346354166668,11702
27,1001,1.0,0.09940592447916667,11710
27,1001,1.5,0.048177083333333336,11711
27,1001,2.0,0.018391927083333332,11712
27,1002,1.0,0.09297688802083333,11720
27,1002,1.5,0.0384521484375,11721
27,1002,2.0,0.028523763020833332,11722
27,1003,1.0,0.0931396484375,11730
27,1003,1.5,0.044962565104166664,11731
27,1003,2.0,0.024861653645833332,11732
27,1004,1.0,0.09041341145833333,11740
27,1004,1.5,0.042561848958333336,11741
27,1004,2.0,0.021647135416666668,11742
27,1005,1.0,0.090576171875,11750
27,1005,1.5,0.040974934895833336,11751
27,1005,2.0,0.013346354166666666,11752
27,1006,1.0,0.08748372395833333,11760
27,1006,1.5,0.047200520833333336,11761
27,1006,2.0,0.0263671875,11762
27,1007,1.0,0.09749348958333333,11770
27,1007,1.5,0.036295572916666664,11771
27,1007,2.0,0.024943033854166668,11772
28,1000,1.0,0.1160888671875,11800
28,1000,1.5,0.05419921875,11801
28,1000,2.0,0.027791341145833332,11802
28,1001,1.0,0.1102294921875,11810
28,1001,1.5,0.053304036458333336,11811
28,1001,2.0,0.035847981770833336,11812
28,1002,1.0,0.1258544921875,11820
28,1002,1.5,0.053548177083333336,11821
28,1002,2.0,0.029052734375,11822
28,1003,1.0,0.11787923177083333,11830
28,1003,1.5,0.056355794270833336,11831
28,1003,2.0,0.0299072265625,11832
28,1004,1.0,0.11555989583333333,11840
28,1004,1.5,0.049397786458333336,11841
28,1004,2.0,0.033935546875,11842
28,1005,1.0,0.11104329427083333,11850
28,1005,1.5,0.052734375,11851
28,1005,2.0,0.024983723958333332,11852
28,1006,1.0,0.11971028645833333,11860
28,1006,1.5,0.053914388020833336,11861
28,1006,2.0,0.023722330729166668,11862
28,1007,1.0,0.10786946614583333,11870
28,1007,1.5,0.05712890625,11871
28,1007,2.0,0.0318603515625,11872
29,1000,1.0,0.13228352864583334,11900
29,1000,1.5,0.06278483072916667,11901
29,1000,2.0,0.028767903645833332,11902
29,1001,1.0,0.12251790364583333,11910
29,1001,1.5,0.06429036458333333,11911
29,1001,2.0,0.031534830729166664,11912
29,1002,1.0,0.12056477864583333,11920
29,1002,1.5,0.06608072916666667,11921
29,1002,2.0,0.0272216796875,11922
29,1003,1.0,0.12398274739583333,11930
29,1003,1.5,0.050374348958333336,11931
29,1003,2.0,0.0328369140625,11932
29,1004,1.0,0.11686197916666667,11940
29,1004,1.5,0.059000651041666664,11941
29,1004,2.0,0.025797526041666668,11942
29,1005,1.0,0.11881510416666667,11950
29,1005,1.5,0.0596923828125,11951
29,1005,2.0,0.0362548828125,11952
29,1006,1.0,0.1243896484375,11960
29,1006,1.5,0.060831705729166664,11961
29,1006,2.0,0.024698893229166668,11962
29,1007,1.0,0.11555989583333333,11970
29,1007,1.5,0.054606119791666664,11971
29,1007,2.0,0.029988606770833332,11972
30,1000,1.0,0.11271158854166667,12000
30,1000,1.5,0.05078125,12001
30,1000,2.0,0.017415364583333332,12002
30,1001,1.0,0.11519368489583333,12010
30,1001,1.5,0.055338541666666664,12011
30,1001,2.0,0.024454752604166668,12012
30,1002,1.0,0.110107421875,12020
30,1002,1.5,0.0562744140625,12021
30,1002,2.0,0.0242919921875,12022
30,1003,1.0,0.11136881510416667,12030
30,1003,1.5,0.053507486979166664,12031
30,1003,2.0,0.026041666666666668,12032
30,1004,1.0,0.11905924479166667,12040
30,1004,1.5,0.053385416666666664,12041
30,1004,2.0,0.022989908854166668,12042
30,1005,1.0,0.10896809895833333,12050
30,1005,1.5,0.048990885416666664,12051
30,1005,2.0,0.022989908854166668,12052
30,1006,1.0,0.1151123046875,12060
30,1006,1.5,0.057210286458333336,12061
30,1006,2.0,0.017781575520833332,12062
30,1007,1.0,0.11478678385416667,12070
30,1007,1.5,0.056396484375,12071
30,1007,2.0,0.02880859375,12072
31,1000,1.0,0.10172526041666667,12100
31,1000,1.5,0.037556966145833336,12101
31,1000,2.0,0.02197265625,12102
31,1001,1.0,0.09708658854166667,12110
31,1001,1.5,0.039103190104166664,12111
31,1001,2.0,0.018351236979166668,12112
31,1002,1.0,0.0992431640625,12120
31,1002,1.5,0.05126953125,12121
31,1002,2.0,0.019694010416666668,12122
31,1003,1.0,0.09549967447916667,12130
31,1003,1.5,0.046223958333333336,12131
31,1003,2.0,0.0238037109375,12132
31,1004,1.0,0.09566243489583333,12140
31,1004,1.5,0.0369873046875,12141
31,1004,2.0,0.017822265625,12142
31,1005,1.0,0.10249837239583333,12150
31,1005,1.5,0.040568033854166664,12151
31,1005,2.0,0.013346354166666666,12152
31,1006,1.0,0.10298665364583333,12160
31,1006,1.5,0.0360107421875,12161
31,1006,2.0,0.017130533854166668,12162
31,1007,1.0,0.10404459635416667,12170
31,1007,1.5,0.046223958333333336,12171
31,1007,2.0,0.024943033854166668,12172
32,1000,1.0,0.06465657552083333,12200
32,1000,1.5,0.038370768229166664,12201
32,1000,2.0,0.015584309895833334,12202
32,1001,1.0,0.07430013020833333,12210
32,1001,1.5,0.032552083333333336,12211
32,1001,2.0,0.010945638020833334,12212
32,1002,1.0,0.0753173828125,12220
32,1002,1.5,0.033162434895833336,12221
32,1002,2.0,0.013102213541666666,12222
32,1003,1.0,0.07743326822916667,12230
32,1003,1.5,0.040974934895833336,12231
32,1003,2.0,0.01318359375,12232
32,1004,1.0,0.08528645833333333,12240
32,1004,1.5,0.0301513671875,12241
32,1004,2.0,0.015299479166666666,12242
32,1005,1.0,0.074462890625,12250
32,1005,1.5,0.031534830729166664,12251
32,1005,2.0,0.008748372395833334,12252
32,1006,1.0,0.07975260416666667,12260
32,1006,1.5,0.03125,12261
32,1006,2.0,0.0140380859375,12262
32,1007,1.0,0.0733642578125,12270
32,1007,1.5,0.040974934895833336,12271
32,1007,2.0,0.012613932291666666,12272
33,1000,1.0,0.04931640625,12300
33,1000,1.5,0.019694010416666668,12301
33,1000,2.0,0.006388346354166667,12302
33,1001,1.0,0.049275716145833336,12310
33,1001,1.5,0.0218505859375,12311
33,1001,2.0,0.0030924479166666665,12312
33,1002,1.0,0.0433349609375,12320
33,1002,1.5,0.014933268229166666,12321
33,1002,2.0,0.009195963541666666,12322
33,1003,1.0,0.044840494791666664,12330
33,1003,1.5,0.024210611979166668,12331
33,1003,2.0,0.013427734375,12332
33,1004,1.0,0.040568033854166664,12340
33,1004,1.5,0.0111083984375,12341
33,1004,2.0,0.010294596354166666,12342
33,1005,1.0,0.048095703125,12350
33,1005,1.5,0.023966471354166668,12351
33,1005,2.0,0.008341471354166666,12352
33,1006,1.0,0.045125325520833336,12360
33,1006,1.5,0.013834635416666666,12361
33,1006,2.0,0.007731119791666667,12362
33,1007,1.0,0.0489501953125,12370
33,1007,1.5,0.016560872395833332,12371
33,1007,2.0,0.010091145833333334,12372
34,1000,1.0,0.010172526041666666,12400
34,1000,1.5,0.009521484375,12401
34,1000,2.0,0.004150390625,12402
34,1001,1.0,0.015706380208333332,12410
34,1001,1.5,0.005452473958333333,12411
34,1001,2.0,0.0030517578125,12412
34,1002,1.0,0.020345052083333332,12420
34,1002,1.5,0.008056640625,12421
34,1002,2.0,-0.0006103515625,12422
34,1003,1.0,0.0206298828125,12430
34,1003,1.5,-0.0011800130208333333,12431
34,1003,2.0,0.005940755208333333,12432
34,1004,1.0,0.0322265625,12440
34,1004,1.5,0.013834635416666666,12441
34,1004,2.0,0.0098876953125,12442
34,1005,1.0,0.010823567708333334,12450
34,1005,1.5,0.010172526041666666,12451
34,1005,2.0,0.0062255859375,12452
34,1006,1.0,0.024332682291666668,12460
34,1006,1.5,0.012369791666666666,12461
34,1006,2.0,0.006754557291666667,12462
34,1007,1.0,0.013916015625,12470
34,1007,1.5,0.014729817708333334,12471
34,1007,2.0,-0.0025227864583333335,12472
35,1000,1.0,-0.007649739583333333,12500
35,1000,1.5,-0.010050455729166666,12501
35,1000,2.0,-0.0030110677083333335,12502
35,1001,1.0,-0.009847005208333334,12510
35,1001,1.5,0.0026041666666666665,12511
35,1001,2.0,-0.005045572916666667,12512
35,1002,1.0,-0.007649739583333333,12520
35,1002,1.5,-0.005167643229166667,12521
35,1002,2.0,0.0006917317708333334,12522
35,1003,1.0,-0.0069580078125,12530
35,1003,1.5,0.0012613932291666667,12531
35,1003,2.0,0.0006103515625,12532
35,1004,1.0,-0.012451171875,12540
35,1004,1.5,-0.0025634765625,12541
35,1004,2.0,-0.0006510416666666666,12542
35,1005,1.0,-0.012166341145833334,12550
35,1005,1.5,-0.0032552083333333335,12551
35,1005,2.0,-0.004475911458333333,12552
35,1006,1.0,-0.0201416015625,12560
35,1006,1.5,0.0025227864583333335,12561
35,1006,2.0,-0.0005289713541666666,12562
35,1007,1.0,-0.0036214192708333335,12570
35,1007,1.5,-0.00016276041666666666,12571
35,1007,2.0,-0.0015462239583333333,12572
36,1000,1.0,-0.031778971354166664,12600
36,1000,1.5,-0.013468424479166666,12601
36,1000,2.0,-0.000244140625,12602
36,1001,1.0,-0.028889973958333332,12610
36,1001,1.5,-0.0084228515625,12611
36,1001,2.0,-0.0089111328125,12612
36,1002,1.0,-0.030476888020833332,12620
36,1002,1.5,-0.010213216145833334,12621
36,1002,2.0,-0.003946940104166667,12622
36,1003,1.0,-0.035970052083333336,12630
36,1003,1.5,-0.009602864583333334,12631
36,1003,2.0,-0.0028483072916666665,12632
36,1004,1.0,-0.028564453125,12640
36,1004,1.5,-0.009724934895833334,12641
36,1004,2.0,-0.006754557291666667,12642
36,1005,1.0,-0.026814778645833332,12650
36,1005,1.5,-0.0164794921875,12651
36,1005,2.0,-0.012654622395833334,12652
36,1006,1.0,-0.02490234375,12660
36,1006,1.5,-0.012166341145833334,12661
36,1006,2.0,-0.009847005208333334,12662
36,1007,1.0,-0.031941731770833336,12670
36,1007,1.5,-0.004801432291666667,12671
36,1007,2.0,0.0003662109375,12672
37,1000,1.0,-0.043904622395833336,12700
37,1000,1.5,-0.020670572916666668,12701
37,1000,2.0,-0.0106201171875,12702
37,1001,1.0,-0.052937825520833336,12710
37,1001,1.5,-0.0172119140625,12711
37,1001,2.0,-0.0030517578125,12712
37,1002,1.0,-0.0322265625,12720
37,1002,1.5,-0.025838216145833332,12721
37,1002,2.0,-0.010538736979166666,12722
37,1003,1.0,-0.0413818359375,12730
37,1003,1.5,-0.022705078125,12731
37,1003,2.0,-0.014363606770833334,12732
37,1004,1.0,-0.052571614583333336,12740
37,1004,1.5,-0.016845703125,12741
37,1004,2.0,0.0007731119791666666,12742
37,1005,1.0,-0.037679036458333336,12750
37,1005,1.5,-0.014322916666666666,12751
37,1005,2.0,-0.011433919270833334,12752
37,1006,1.0,-0.050821940104166664,12760
37,1006,1.5,-0.015421549479166666,12761
37,1006,2.0,-0.006876627604166667,12762
37,1007,1.0,-0.038899739583333336,12770
37,1007,1.5,-0.021443684895833332,12771
37,1007,2.0,-0.0005289713541666666,12772
38,1000,1.0,-0.052408854166666664,12800
38,1000,1.5,-0.024576822916666668,12801
38,1000,2.0,-0.011922200520833334,12802
38,1001,1.0,-0.057942708333333336,12810
38,1001,1.5,-0.019978841145833332,12811
38,1001,2.0,-0.001708984375,12812
38,1002,1.0,-0.052327473958333336,12820
38,1002,1.5,-0.018717447916666668,12821
38,1002,2.0,-0.007893880208333334,12822
38,1003,1.0,-0.06766764322916667,12830
38,1003,1.5,-0.016438802083333332,12831
38,1003,2.0,-0.009195963541666666,12832
38,1004,1.0,-0.05908203125,12840
38,1004,1.5,-0.018351236979166668,12841
38,1004,2.0,-0.007161458333333333,12842
38,1005,1.0,-0.055379231770833336,12850
38,1005,1.5,-0.0272216796875,12851
38,1005,2.0,-0.010823567708333334,12852
38,1006,1.0,-0.058308919270833336,12860
38,1006,1.5,-0.023396809895833332,12861
38,1006,2.0,-0.005411783854166667,12862
38,1007,1.0,-0.059244791666666664,12870
38,1007,1.5,-0.023234049479166668,12871
38,1007,2.0,-0.0111083984375,12872
39,1000,1.0,-0.07307942708333333,12900
39,1000,1.5,-0.019002278645833332,12901
39,1000,2.0,-0.0115966796875,12902
39,1001,1.0,-0.06803385416666667,12910
39,1001,1.5,-0.0264892578125,12911
39,1001,2.0,-0.00732421875,12912
39,1002,1.0,-0.07368977864583333,12920
39,1002,1.5,-0.025838216145833332,12921
39,1002,2.0,-0.0032145182291666665,12922
39,1003,1.0,-0.058430989583333336,12930
39,1003,1.5,-0.026814778645833332,12931
39,1003,2.0,-0.0057373046875,12932
39,1004,1.0,-0.065673828125,12940
39,1004,1.5,-0.021036783854166668,12941
39,1004,2.0,-0.006266276041666667,12942
39,1005,1.0,-0.06766764322916667,12950
39,1005,1.5,-0.025105794270833332,12951
39,1005,2.0,-0.0126953125,12952
39,1006,1.0,-0.06363932291666667,12960
39,1006,1.5,-0.0234375,12961
39,1006,2.0,-0.0084228515625,12962
39,1007,1.0,-0.06298828125,12970
39,1007,1.5,-0.0286865234375,12971
39,1007,2.0,-0.01025390625,12972
40,1000,1.0,-0.060221354166666664,13000
40,1000,1.5,-0.018798828125,13001
40,1000,2.0,-0.0078125,13002
40,1001,1.0,-0.06453450520833333,13010
40,1001,1.5,-0.024251302083333332,13011
40,1001,2.0,-0.008015950520833334,13012
40,1002,1.0,-0.057454427083333336,13020
40,1002,1.5,-0.023193359375,13021
40,1002,2.0,-0.005289713541666667,13022
40,1003,1.0,-0.060221354166666664,13030
40,1003,1.5,-0.01318359375,13031
40,1003,2.0,-0.012736002604166666,13032
40,1004,1.0,-0.07181803385416667,13040
40,1004,1.5,-0.015340169270833334,13041
40,1004,2.0,-0.006144205729166667,13042
40,1005,1.0,-0.059326171875,13050
40,1005,1.5,-0.0238037109375,13051
40,1005,2.0,-0.0025227864583333335,13052
40,1006,1.0,-0.060139973958333336,13060
40,1006,1.5,-0.016438802083333332,13061
40,1006,2.0,-0.003946940104166667,13062
40,1007,1.0,-0.058837890625,13070
40,1007,1.5,-0.018798828125,13071
40,1007,2.0,-0.012532552083333334,13072
